id,label
0,79
1,33
2,3
3,51
4,71
5,79
6,88
7,67
8,71
9,0
10,40
11,27
12,81
13,69
14,40
15,43
16,92
17,97
18,70
19,53
20,70
21,49
22,14
23,65
24,21
25,16
26,29
27,8
28,8
29,55
30,20
31,22
32,41
33,25
34,56
35,8
36,93
37,35
38,25
39,12
40,66
41,18
42,67
43,30
44,56
45,22
46,41
47,58
48,14
49,17
50,4
51,6
52,9
53,57
54,98
55,70
56,71
57,52
58,42
59,27
60,77
61,27
62,42
63,99
64,88
65,78
66,43
67,7
68,63
69,57
70,8
71,13
72,28
73,91
74,49
75,46
76,82
77,16
78,77
79,22
80,71
81,78
82,54
83,6
84,29
85,84
86,99
87,32
88,8
89,99
90,10
91,18
92,27
93,21
94,13
95,21
96,15
97,7
98,37
99,2
100,26
101,57
102,47
103,86
104,43
105,69
106,76
107,17
108,57
109,47
110,25
111,20
112,27
113,86
114,9
115,60
116,8
117,43
118,77
119,79
120,85
121,2
122,34
123,92
124,33
125,20
126,21
127,80
128,92
129,46
130,16
131,16
132,4
133,74
134,4
135,91
136,60
137,15
138,52
139,23
140,74
141,35
142,52
143,89
144,24
145,95
146,25
147,29
148,51
149,58
150,89
151,77
152,25
153,60
154,45
155,66
156,58
157,39
158,77
159,42
160,36
161,8
162,16
163,10
164,4
165,47
166,54
167,99
168,51
169,57
170,16
171,81
172,6
173,83
174,26
175,53
176,74
177,73
178,18
179,40
180,9
181,57
182,22
183,70
184,10
185,28
186,34
187,4
188,98
189,83
190,12
191,7
192,78
193,13
194,94
195,24
196,15
197,63
198,7
199,87
200,51
201,78
202,68
203,60
204,6
205,23
206,79
207,31
208,80
209,93
210,15
211,98
212,49
213,33
214,97
215,33
216,83
217,67
218,86
219,81
220,16
221,79
222,23
223,77
224,17
225,44
226,0
227,39
228,88
229,71
230,89
231,57
232,59
233,24
234,65
235,57
236,31
237,36
238,82
239,31
240,23
241,24
242,63
243,66
244,11
245,62
246,80
247,44
248,38
249,39
250,91
251,16
252,66
253,68
254,77
255,66
256,89
257,72
258,6
259,42
260,38
261,76
262,89
263,93
264,19
265,54
266,87
267,1
268,6
269,89
270,99
271,51
272,96
273,0
274,51
275,65
276,67
277,28
278,40
279,62
280,78
281,84
282,28
283,89
284,30
285,66
286,6
287,19
288,42
289,62
290,27
291,38
292,86
293,93
294,96
295,12
296,16
297,67
298,19
299,48
300,96
301,29
302,40
303,7
304,61
305,14
306,76
307,96
308,44
309,78
310,19
311,18
312,41
313,42
314,19
315,6
316,45
317,15
318,61
319,8
320,17
321,17
322,51
323,67
324,12
325,2
326,31
327,91
328,94
329,79
330,87
331,36
332,61
333,62
334,5
335,60
336,67
337,91
338,34
339,30
340,9
341,92
342,68
343,62
344,99
345,66
346,55
347,24
348,55
349,28
350,68
351,88
352,37
353,58
354,74
355,40
356,96
357,6
358,11
359,42
360,64
361,39
362,60
363,94
364,63
365,57
366,89
367,54
368,74
369,38
370,90
371,33
372,28
373,29
374,5
375,20
376,7
377,0
378,94
379,35
380,26
381,6
382,41
383,72
384,69
385,45
386,29
387,19
388,85
389,65
390,28
391,57
392,50
393,30
394,50
395,27
396,4
397,49
398,52
399,30
400,40
401,93
402,42
403,38
404,6
405,57
406,72
407,16
408,98
409,8
410,40
411,96
412,71
413,29
414,8
415,20
416,64
417,78
418,53
419,96
420,66
421,44
422,88
423,96
424,68
425,51
426,79
427,10
428,42
429,15
430,26
431,98
432,79
433,51
434,35
435,51
436,31
437,28
438,36
439,61
440,16
441,5
442,37
443,85
444,65
445,85
446,65
447,26
448,50
449,13
450,10
451,22
452,22
453,14
454,43
455,9
456,63
457,26
458,44
459,5
460,58
461,87
462,69
463,87
464,65
465,44
466,59
467,85
468,6
469,0
470,79
471,97
472,79
473,14
474,14
475,79
476,27
477,74
478,63
479,25
480,85
481,75
482,63
483,41
484,0
485,99
486,14
487,87
488,14
489,55
490,38
491,25
492,49
493,3
494,74
495,39
496,36
497,74
498,89
499,71
500,78
501,62
502,90
503,9
504,22
505,41
506,63
507,58
508,47
509,93
510,68
511,11
512,2
513,93
514,44
515,53
516,67
517,36
518,99
519,53
520,64
521,25
522,44
523,38
524,82
525,46
526,95
527,96
528,39
529,44
530,9
531,63
532,8
533,18
534,46
535,18
536,76
537,33
538,99
539,26
540,65
541,55
542,2
543,33
544,27
545,93
546,81
547,54
548,71
549,38
550,52
551,35
552,69
553,19
554,8
555,42
556,45
557,82
558,26
559,33
560,91
561,4
562,20
563,83
564,55
565,37
566,61
567,45
568,53
569,55
570,36
571,68
572,10
573,2
574,26
575,69
576,45
577,38
578,25
579,96
580,38
581,94
582,82
583,10
584,83
585,41
586,92
587,79
588,10
589,98
590,44
591,81
592,91
593,56
594,9
595,24
596,6
597,30
598,1
599,39
600,57
601,55
602,83
603,39
604,43
605,84
606,37
607,88
608,50
609,51
610,26
611,82
612,81
613,20
614,57
615,48
616,46
617,42
618,22
619,13
620,49
621,39
622,76
623,0
624,17
625,66
626,48
627,90
628,93
629,82
630,26
631,96
632,97
633,36
634,6
635,60
636,61
637,93
638,26
639,84
640,89
641,29
642,85
643,39
644,8
645,62
646,93
647,94
648,74
649,87
650,15
651,66
652,89
653,97
654,19
655,0
656,50
657,5
658,56
659,36
660,45
661,1
662,94
663,80
664,5
665,39
666,17
667,64
668,99
669,34
670,18
671,55
672,0
673,7
674,1
675,28
676,38
677,91
678,32
679,60
680,14
681,14
682,1
683,92
684,97
685,45
686,7
687,21
688,37
689,32
690,14
691,88
692,86
693,62
694,14
695,66
696,74
697,25
698,67
699,78
700,77
701,97
702,43
703,10
704,79
705,74
706,31
707,84
708,78
709,13
710,32
711,81
712,43
713,92
714,82
715,53
716,4
717,31
718,56
719,53
720,36
721,76
722,60
723,25
724,11
725,67
726,61
727,75
728,62
729,21
730,10
731,32
732,90
733,37
734,94
735,42
736,69
737,38
738,83
739,57
740,63
741,77
742,42
743,61
744,61
745,41
746,29
747,83
748,2
749,82
750,50
751,15
752,48
753,88
754,74
755,71
756,79
757,98
758,67
759,7
760,85
761,25
762,96
763,60
764,27
765,80
766,13
767,90
768,54
769,19
770,76
771,39
772,95
773,24
774,7
775,2
776,70
777,33
778,81
779,57
780,12
781,72
782,26
783,79
784,86
785,60
786,22
787,80
788,82
789,14
790,48
791,66
792,55
793,53
794,16
795,1
796,37
797,94
798,70
799,8
800,40
801,96
802,21
803,58
804,44
805,78
806,10
807,53
808,59
809,42
810,65
811,55
812,77
813,52
814,63
815,32
816,6
817,36
818,89
819,7
820,51
821,4
822,13
823,22
824,67
825,54
826,92
827,22
828,53
829,50
830,46
831,62
832,4
833,43
834,26
835,16
836,96
837,71
838,43
839,39
840,5
841,47
842,98
843,19
844,52
845,64
846,32
847,83
848,53
849,21
850,98
851,6
852,6
853,71
854,74
855,14
856,55
857,78
858,24
859,93
860,26
861,49
862,16
863,56
864,9
865,22
866,15
867,68
868,24
869,96
870,8
871,79
872,66
873,53
874,16
875,62
876,41
877,77
878,62
879,84
880,20
881,29
882,76
883,19
884,6
885,26
886,38
887,2
888,96
889,69
890,36
891,18
892,25
893,66
894,47
895,37
896,99
897,15
898,12
899,65
900,15
901,33
902,89
903,16
904,33
905,99
906,17
907,28
908,69
909,51
910,93
911,86
912,8
913,56
914,52
915,42
916,98
917,57
918,78
919,3
920,29
921,37
922,37
923,41
924,47
925,26
926,65
927,96
928,14
929,26
930,2
931,60
932,9
933,68
934,10
935,23
936,80
937,26
938,62
939,97
940,71
941,54
942,62
943,56
944,79
945,42
946,25
947,66
948,86
949,47
950,52
951,44
952,42
953,51
954,32
955,35
956,68
957,13
958,55
959,34
960,38
961,47
962,80
963,51
964,78
965,72
966,76
967,52
968,53
969,34
970,60
971,74
972,28
973,24
974,87
975,69
976,37
977,90
978,70
979,89
980,26
981,43
982,43
983,78
984,81
985,75
986,76
987,35
988,84
989,80
990,49
991,33
992,15
993,18
994,11
995,19
996,36
997,59
998,53
999,27
1000,63
1001,67
1002,94
1003,28
1004,55
1005,90
1006,86
1007,50
1008,95
1009,92
1010,25
1011,60
1012,98
1013,29
1014,0
1015,9
1016,37
1017,1
1018,47
1019,90
1020,27
1021,52
1022,4
1023,8
1024,60
1025,25
1026,64
1027,0
1028,43
1029,41
1030,21
1031,86
1032,51
1033,66
1034,86
1035,38
1036,89
1037,91
1038,38
1039,30
1040,16
1041,10
1042,5
1043,8
1044,6
1045,9
1046,26
1047,94
1048,78
1049,44
1050,20
1051,12
1052,39
1053,93
1054,20
1055,3
1056,81
1057,26
1058,96
1059,45
1060,31
1061,88
1062,57
1063,60
1064,71
1065,36
1066,76
1067,42
1068,27
1069,15
1070,44
1071,80
1072,1
1073,5
1074,49
1075,28
1076,20
1077,33
1078,7
1079,44
1080,7
1081,89
1082,1
1083,68
1084,34
1085,2
1086,36
1087,93
1088,17
1089,47
1090,38
1091,54
1092,51
1093,93
1094,85
1095,70
1096,48
1097,82
1098,40
1099,68
1100,27
1101,38
1102,2
1103,63
1104,76
1105,33
1106,54
1107,60
1108,1
1109,49
1110,1
1111,92
1112,65
1113,69
1114,4
1115,8
1116,25
1117,26
1118,22
1119,25
1120,21
1121,33
1122,62
1123,80
1124,15
1125,93
1126,11
1127,61
1128,81
1129,69
1130,9
1131,91
1132,96
1133,34
1134,69
1135,9
1136,0
1137,16
1138,62
1139,44
1140,65
1141,18
1142,5
1143,13
1144,52
1145,58
1146,45
1147,62
1148,37
1149,63
1150,22
1151,19
1152,2
1153,77
1154,66
1155,89
1156,44
1157,62
1158,52
1159,53
1160,90
1161,96
1162,8
1163,39
1164,67
1165,78
1166,95
1167,24
1168,46
1169,98
1170,65
1171,57
1172,16
1173,98
1174,52
1175,51
1176,3
1177,54
1178,60
1179,19
1180,95
1181,33
1182,42
1183,63
1184,29
1185,93
1186,63
1187,85
1188,13
1189,42
1190,66
1191,99
1192,44
1193,53
1194,12
1195,63
1196,96
1197,21
1198,52
1199,15
1200,36
1201,77
1202,55
1203,43
1204,54
1205,69
1206,5
1207,29
1208,41
1209,14
1210,41
1211,26
1212,58
1213,60
1214,26
1215,88
1216,19
1217,19
1218,99
1219,5
1220,37
1221,69
1222,77
1223,71
1224,80
1225,92
1226,31
1227,34
1228,42
1229,30
1230,50
1231,82
1232,88
1233,7
1234,38
1235,83
1236,54
1237,23
1238,43
1239,25
1240,79
1241,90
1242,25
1243,86
1244,24
1245,6
1246,86
1247,29
1248,79
1249,28
1250,98
1251,96
1252,32
1253,64
1254,88
1255,1
1256,26
1257,14
1258,36
1259,46
1260,89
1261,25
1262,64
1263,86
1264,39
1265,53
1266,44
1267,57
1268,56
1269,84
1270,46
1271,58
1272,84
1273,51
1274,5
1275,56
1276,33
1277,62
1278,92
1279,93
1280,19
1281,18
1282,65
1283,65
1284,13
1285,67
1286,41
1287,38
1288,99
1289,41
1290,26
1291,37
1292,59
1293,59
1294,46
1295,61
1296,19
1297,64
1298,90
1299,33
1300,3
1301,4
1302,3
1303,45
1304,0
1305,68
1306,33
1307,49
1308,0
1309,79
1310,22
1311,55
1312,88
1313,99
1314,5
1315,11
1316,6
1317,54
1318,9
1319,57
1320,42
1321,48
1322,71
1323,94
1324,42
1325,44
1326,91
1327,58
1328,8
1329,17
1330,1
1331,5
1332,65
1333,9
1334,80
1335,47
1336,80
1337,63
1338,61
1339,28
1340,18
1341,20
1342,88
1343,50
1344,53
1345,42
1346,59
1347,78
1348,16
1349,32
1350,6
1351,46
1352,8
1353,77
1354,38
1355,68
1356,26
1357,52
1358,17
1359,43
1360,47
1361,69
1362,94
1363,5
1364,76
1365,91
1366,57
1367,98
1368,18
1369,52
1370,92
1371,98
1372,44
1373,0
1374,43
1375,74
1376,43
1377,45
1378,44
1379,4
1380,53
1381,25
1382,8
1383,25
1384,59
1385,29
1386,85
1387,33
1388,65
1389,5
1390,25
1391,41
1392,25
1393,23
1394,68
1395,37
1396,37
1397,43
1398,48
1399,79
1400,18
1401,92
1402,5
1403,34
1404,48
1405,50
1406,16
1407,51
1408,62
1409,34
1410,78
1411,74
1412,25
1413,37
1414,72
1415,94
1416,82
1417,52
1418,73
1419,16
1420,99
1421,68
1422,28
1423,2
1424,52
1425,65
1426,57
1427,13
1428,22
1429,57
1430,14
1431,50
1432,14
1433,80
1434,20
1435,87
1436,91
1437,65
1438,9
1439,33
1440,19
1441,57
1442,14
1443,27
1444,46
1445,37
1446,44
1447,24
1448,10
1449,9
1450,78
1451,56
1452,29
1453,59
1454,1
1455,78
1456,62
1457,53
1458,37
1459,28
1460,26
1461,46
1462,38
1463,48
1464,37
1465,49
1466,99
1467,66
1468,98
1469,8
1470,94
1471,25
1472,70
1473,54
1474,12
1475,86
1476,19
1477,12
1478,13
1479,11
1480,7
1481,91
1482,4
1483,26
1484,51
1485,0
1486,28
1487,9
1488,87
1489,8
1490,91
1491,58
1492,10
1493,19
1494,0
1495,39
1496,27
1497,47
1498,93
1499,26
1500,93
1501,59
1502,63
1503,15
1504,92
1505,14
1506,26
1507,17
1508,94
1509,64
1510,15
1511,63
1512,24
1513,32
1514,9
1515,15
1516,12
1517,27
1518,78
1519,65
1520,45
1521,11
1522,40
1523,66
1524,31
1525,20
1526,92
1527,84
1528,86
1529,88
1530,67
1531,98
1532,6
1533,70
1534,69
1535,47
1536,62
1537,57
1538,85
1539,73
1540,16
1541,98
1542,82
1543,79
1544,59
1545,90
1546,39
1547,79
1548,25
1549,78
1550,98
1551,79
1552,17
1553,14
1554,71
1555,74
1556,63
1557,28
1558,56
1559,43
1560,62
1561,11
1562,9
1563,17
1564,31
1565,52
1566,52
1567,64
1568,58
1569,66
1570,42
1571,44
1572,42
1573,15
1574,99
1575,56
1576,4
1577,54
1578,57
1579,5
1580,68
1581,11
1582,52
1583,78
1584,65
1585,67
1586,87
1587,26
1588,15
1589,83
1590,19
1591,26
1592,61
1593,33
1594,9
1595,76
1596,96
1597,5
1598,53
1599,29
1600,60
1601,59
1602,65
1603,38
1604,68
1605,5
1606,72
1607,42
1608,96
1609,51
1610,20
1611,80
1612,24
1613,17
1614,12
1615,42
1616,8
1617,17
1618,67
1619,21
1620,42
1621,21
1622,35
1623,79
1624,21
1625,61
1626,31
1627,41
1628,9
1629,40
1630,54
1631,54
1632,80
1633,20
1634,4
1635,37
1636,96
1637,92
1638,71
1639,17
1640,96
1641,94
1642,86
1643,66
1644,79
1645,34
1646,26
1647,33
1648,24
1649,48
1650,57
1651,88
1652,20
1653,47
1654,89
1655,25
1656,48
1657,25
1658,61
1659,56
1660,68
1661,27
1662,13
1663,92
1664,33
1665,46
1666,76
1667,67
1668,27
1669,2
1670,69
1671,48
1672,74
1673,46
1674,20
1675,8
1676,4
1677,83
1678,63
1679,7
1680,10
1681,59
1682,28
1683,52
1684,90
1685,40
1686,44
1687,8
1688,78
1689,42
1690,22
1691,5
1692,50
1693,86
1694,44
1695,33
1696,10
1697,4
1698,34
1699,24
1700,28
1701,61
1702,53
1703,38
1704,44
1705,50
1706,53
1707,7
1708,79
1709,37
1710,9
1711,50
1712,53
1713,82
1714,61
1715,85
1716,30
1717,42
1718,52
1719,57
1720,16
1721,43
1722,30
1723,72
1724,96
1725,42
1726,34
1727,3
1728,18
1729,61
1730,14
1731,65
1732,78
1733,81
1734,84
1735,69
1736,84
1737,59
1738,0
1739,99
1740,20
1741,85
1742,54
1743,57
1744,93
1745,69
1746,3
1747,35
1748,33
1749,33
1750,73
1751,99
1752,97
1753,89
1754,31
1755,54
1756,89
1757,6
1758,98
1759,1
1760,70
1761,28
1762,79
1763,52
1764,8
1765,16
1766,40
1767,14
1768,18
1769,27
1770,12
1771,42
1772,44
1773,29
1774,47
1775,19
1776,17
1777,56
1778,46
1779,50
1780,1
1781,82
1782,99
1783,34
1784,86
1785,52
1786,86
1787,93
1788,34
1789,9
1790,25
1791,26
1792,5
1793,91
1794,4
1795,93
1796,55
1797,90
1798,96
1799,15
1800,12
1801,38
1802,68
1803,52
1804,92
1805,79
1806,22
1807,22
1808,9
1809,88
1810,1
1811,44
1812,48
1813,5
1814,14
1815,67
1816,99
1817,84
1818,26
1819,76
1820,51
1821,51
1822,97
1823,77
1824,62
1825,12
1826,11
1827,83
1828,14
1829,89
1830,47
1831,30
1832,59
1833,11
1834,4
1835,17
1836,69
1837,94
1838,38
1839,87
1840,49
1841,50
1842,57
1843,43
1844,30
1845,28
1846,16
1847,14
1848,46
1849,31
1850,25
1851,16
1852,95
1853,21
1854,79
1855,96
1856,56
1857,28
1858,17
1859,53
1860,71
1861,7
1862,94
1863,53
1864,94
1865,53
1866,28
1867,7
1868,38
1869,79
1870,83
1871,30
1872,26
1873,17
1874,69
1875,22
1876,17
1877,6
1878,53
1879,68
1880,44
1881,89
1882,43
1883,42
1884,45
1885,30
1886,37
1887,65
1888,28
1889,60
1890,78
1891,78
1892,24
1893,63
1894,44
1895,99
1896,29
1897,21
1898,56
1899,7
1900,81
1901,42
1902,93
1903,61
1904,17
1905,44
1906,4
1907,81
1908,78
1909,94
1910,40
1911,60
1912,38
1913,81
1914,6
1915,88
1916,95
1917,6
1918,36
1919,93
1920,74
1921,78
1922,56
1923,19
1924,9
1925,0
1926,42
1927,83
1928,47
1929,80
1930,99
1931,69
1932,9
1933,78
1934,33
1935,69
1936,46
1937,97
1938,29
1939,27
1940,64
1941,11
1942,65
1943,36
1944,94
1945,26
1946,44
1947,20
1948,32
1949,50
1950,76
1951,4
1952,78
1953,6
1954,80
1955,99
1956,44
1957,21
1958,38
1959,83
1960,65
1961,31
1962,49
1963,39
1964,97
1965,66
1966,53
1967,54
1968,41
1969,36
1970,22
1971,88
1972,79
1973,34
1974,95
1975,41
1976,8
1977,38
1978,46
1979,83
1980,17
1981,96
1982,22
1983,33
1984,88
1985,22
1986,30
1987,57
1988,38
1989,2
1990,38
1991,8
1992,28
1993,6
1994,63
1995,44
1996,88
1997,61
1998,12
1999,8
2000,92
2001,41
2002,51
2003,66
2004,17
2005,27
2006,99
2007,11
2008,67
2009,63
2010,36
2011,9
2012,13
2013,96
2014,74
2015,1
2016,63
2017,53
2018,1
2019,13
2020,43
2021,21
2022,98
2023,39
2024,80
2025,81
2026,21
2027,3
2028,77
2029,89
2030,30
2031,85
2032,52
2033,48
2034,83
2035,19
2036,15
2037,39
2038,7
2039,43
2040,12
2041,21
2042,80
2043,5
2044,5
2045,25
2046,63
2047,78
2048,34
2049,40
2050,72
2051,98
2052,16
2053,49
2054,93
2055,39
2056,79
2057,9
2058,53
2059,40
2060,12
2061,57
2062,5
2063,63
2064,97
2065,37
2066,48
2067,44
2068,5
2069,57
2070,10
2071,74
2072,48
2073,65
2074,11
2075,30
2076,61
2077,0
2078,19
2079,14
2080,29
2081,84
2082,48
2083,36
2084,32
2085,55
2086,20
2087,52
2088,57
2089,57
2090,26
2091,71
2092,31
2093,74
2094,91
2095,92
2096,87
2097,91
2098,89
2099,86
2100,58
2101,89
2102,97
2103,26
2104,55
2105,89
2106,25
2107,36
2108,20
2109,26
2110,7
2111,49
2112,56
2113,91
2114,56
2115,92
2116,38
2117,14
2118,28
2119,35
2120,41
2121,81
2122,90
2123,89
2124,86
2125,22
2126,41
2127,42
2128,27
2129,87
2130,80
2131,34
2132,36
2133,90
2134,94
2135,71
2136,66
2137,62
2138,67
2139,96
2140,38
2141,95
2142,16
2143,24
2144,89
2145,15
2146,25
2147,78
2148,48
2149,95
2150,52
2151,79
2152,25
2153,68
2154,16
2155,77
2156,45
2157,3
2158,2
2159,96
2160,43
2161,20
2162,46
2163,24
2164,71
2165,80
2166,93
2167,38
2168,51
2169,22
2170,43
2171,89
2172,78
2173,27
2174,26
2175,53
2176,10
2177,41
2178,12
2179,89
2180,4
2181,39
2182,19
2183,56
2184,63
2185,79
2186,98
2187,98
2188,63
2189,22
2190,6
2191,59
2192,35
2193,87
2194,74
2195,87
2196,49
2197,91
2198,25
2199,53
2200,33
2201,7
2202,99
2203,13
2204,84
2205,21
2206,80
2207,40
2208,30
2209,16
2210,14
2211,42
2212,86
2213,10
2214,25
2215,78
2216,24
2217,10
2218,99
2219,97
2220,43
2221,4
2222,26
2223,44
2224,97
2225,67
2226,50
2227,4
2228,64
2229,22
2230,42
2231,29
2232,51
2233,59
2234,62
2235,60
2236,29
2237,85
2238,83
2239,57
2240,41
2241,68
2242,48
2243,6
2244,67
2245,10
2246,28
2247,71
2248,79
2249,43
2250,37
2251,5
2252,17
2253,7
2254,84
2255,57
2256,99
2257,57
2258,68
2259,26
2260,59
2261,63
2262,87
2263,78
2264,3
2265,98
2266,64
2267,15
2268,18
2269,20
2270,47
2271,0
2272,14
2273,12
2274,62
2275,18
2276,63
2277,69
2278,55
2279,65
2280,73
2281,34
2282,27
2283,52
2284,12
2285,37
2286,60
2287,21
2288,47
2289,68
2290,16
2291,19
2292,40
2293,70
2294,22
2295,10
2296,57
2297,17
2298,68
2299,33
2300,28
2301,42
2302,61
2303,47
2304,49
2305,11
2306,55
2307,92
2308,44
2309,14
2310,19
2311,63
2312,33
2313,54
2314,9
2315,15
2316,2
2317,26
2318,69
2319,35
2320,12
2321,58
2322,67
2323,69
2324,95
2325,67
2326,95
2327,29
2328,70
2329,47
2330,10
2331,29
2332,51
2333,44
2334,45
2335,60
2336,34
2337,97
2338,91
2339,37
2340,94
2341,38
2342,97
2343,14
2344,32
2345,11
2346,95
2347,78
2348,5
2349,34
2350,76
2351,98
2352,32
2353,30
2354,69
2355,59
2356,65
2357,51
2358,46
2359,66
2360,31
2361,91
2362,87
2363,13
2364,18
2365,42
2366,38
2367,81
2368,25
2369,68
2370,50
2371,78
2372,85
2373,76
2374,29
2375,0
2376,81
2377,1
2378,5
2379,59
2380,41
2381,43
2382,5
2383,52
2384,22
2385,25
2386,20
2387,61
2388,35
2389,20
2390,32
2391,98
2392,25
2393,38
2394,61
2395,42
2396,58
2397,36
2398,99
2399,60
2400,70
2401,18
2402,78
2403,26
2404,56
2405,8
2406,83
2407,23
2408,52
2409,32
2410,54
2411,33
2412,10
2413,49
2414,53
2415,15
2416,50
2417,3
2418,85
2419,86
2420,66
2421,58
2422,5
2423,30
2424,6
2425,62
2426,61
2427,11
2428,22
2429,37
2430,53
2431,33
2432,94
2433,2
2434,99
2435,34
2436,1
2437,17
2438,74
2439,69
2440,97
2441,50
2442,67
2443,40
2444,33
2445,24
2446,78
2447,57
2448,85
2449,66
2450,67
2451,35
2452,35
2453,94
2454,88
2455,19
2456,88
2457,98
2458,95
2459,54
2460,41
2461,6
2462,62
2463,10
2464,75
2465,91
2466,66
2467,53
2468,72
2469,33
2470,20
2471,63
2472,12
2473,64
2474,54
2475,72
2476,41
2477,51
2478,96
2479,66
2480,19
2481,15
2482,50
2483,25
2484,13
2485,96
2486,38
2487,22
2488,0
2489,19
2490,38
2491,23
2492,85
2493,68
2494,86
2495,37
2496,90
2497,2
2498,10
2499,8
2500,71
2501,76
2502,74
2503,89
2504,60
2505,69
2506,52
2507,32
2508,29
2509,67
2510,9
2511,16
2512,57
2513,65
2514,54
2515,54
2516,62
2517,93
2518,34
2519,42
2520,8
2521,8
2522,67
2523,53
2524,90
2525,78
2526,61
2527,34
2528,63
2529,25
2530,70
2531,96
2532,67
2533,22
2534,93
2535,25
2536,96
2537,79
2538,23
2539,76
2540,78
2541,39
2542,9
2543,66
2544,26
2545,82
2546,66
2547,83
2548,99
2549,71
2550,39
2551,60
2552,35
2553,43
2554,29
2555,27
2556,13
2557,94
2558,25
2559,83
2560,92
2561,26
2562,39
2563,86
2564,93
2565,16
2566,85
2567,38
2568,76
2569,69
2570,42
2571,18
2572,14
2573,74
2574,67
2575,33
2576,20
2577,8
2578,44
2579,51
2580,88
2581,5
2582,25
2583,50
2584,8
2585,26
2586,22
2587,93
2588,90
2589,28
2590,44
2591,13
2592,73
2593,67
2594,52
2595,34
2596,99
2597,37
2598,31
2599,6
2600,87
2601,44
2602,85
2603,58
2604,57
2605,45
2606,94
2607,5
2608,11
2609,86
2610,2
2611,73
2612,96
2613,45
2614,4
2615,74
2616,75
2617,31
2618,97
2619,4
2620,84
2621,71
2622,29
2623,11
2624,85
2625,99
2626,65
2627,39
2628,52
2629,59
2630,12
2631,63
2632,2
2633,36
2634,63
2635,29
2636,90
2637,87
2638,46
2639,85
2640,97
2641,43
2642,78
2643,54
2644,14
2645,70
2646,64
2647,42
2648,0
2649,41
2650,39
2651,86
2652,88
2653,44
2654,52
2655,95
2656,61
2657,80
2658,63
2659,21
2660,38
2661,20
2662,85
2663,82
2664,10
2665,13
2666,92
2667,46
2668,84
2669,66
2670,93
2671,4
2672,52
2673,27
2674,61
2675,45
2676,57
2677,26
2678,42
2679,51
2680,19
2681,43
2682,50
2683,49
2684,20
2685,62
2686,16
2687,88
2688,91
2689,8
2690,85
2691,28
2692,27
2693,83
2694,54
2695,98
2696,71
2697,6
2698,13
2699,56
2700,17
2701,17
2702,98
2703,72
2704,51
2705,19
2706,75
2707,90
2708,26
2709,60
2710,49
2711,50
2712,37
2713,8
2714,78
2715,94
2716,86
2717,25
2718,40
2719,89
2720,4
2721,8
2722,96
2723,44
2724,90
2725,95
2726,99
2727,7
2728,15
2729,39
2730,40
2731,69
2732,72
2733,80
2734,47
2735,68
2736,78
2737,36
2738,75
2739,36
2740,82
2741,34
2742,26
2743,65
2744,17
2745,77
2746,66
2747,2
2748,52
2749,68
2750,44
2751,6
2752,53
2753,56
2754,32
2755,34
2756,34
2757,83
2758,79
2759,19
2760,43
2761,27
2762,87
2763,26
2764,63
2765,25
2766,79
2767,26
2768,38
2769,79
2770,59
2771,5
2772,69
2773,32
2774,29
2775,24
2776,80
2777,2
2778,88
2779,49
2780,2
2781,38
2782,62
2783,7
2784,6
2785,61
2786,5
2787,20
2788,41
2789,5
2790,61
2791,43
2792,79
2793,21
2794,73
2795,12
2796,88
2797,83
2798,65
2799,50
2800,96
2801,59
2802,20
2803,96
2804,11
2805,88
2806,83
2807,10
2808,45
2809,4
2810,60
2811,8
2812,61
2813,60
2814,62
2815,83
2816,25
2817,87
2818,32
2819,91
2820,65
2821,36
2822,9
2823,50
2824,83
2825,26
2826,79
2827,63
2828,34
2829,69
2830,32
2831,82
2832,90
2833,35
2834,15
2835,97
2836,22
2837,42
2838,18
2839,79
2840,98
2841,74
2842,97
2843,84
2844,44
2845,88
2846,98
2847,99
2848,5
2849,66
2850,17
2851,60
2852,79
2853,38
2854,53
2855,37
2856,82
2857,44
2858,21
2859,24
2860,99
2861,6
2862,27
2863,46
2864,21
2865,0
2866,16
2867,84
2868,11
2869,16
2870,74
2871,89
2872,99
2873,31
2874,46
2875,68
2876,47
2877,96
2878,2
2879,95
2880,62
2881,23
2882,58
2883,38
2884,26
2885,8
2886,47
2887,44
2888,34
2889,68
2890,53
2891,14
2892,68
2893,78
2894,53
2895,31
2896,53
2897,21
2898,89
2899,16
2900,21
2901,50
2902,89
2903,53
2904,29
2905,93
2906,14
2907,91
2908,71
2909,88
2910,61
2911,89
2912,27
2913,60
2914,64
2915,94
2916,61
2917,20
2918,83
2919,50
2920,33
2921,99
2922,5
2923,42
2924,22
2925,35
2926,6
2927,67
2928,39
2929,31
2930,66
2931,47
2932,30
2933,97
2934,43
2935,11
2936,22
2937,51
2938,84
2939,18
2940,78
2941,33
2942,19
2943,24
2944,5
2945,22
2946,15
2947,67
2948,15
2949,5
2950,60
2951,41
2952,37
2953,70
2954,17
2955,6
2956,6
2957,85
2958,73
2959,43
2960,0
2961,75
2962,65
2963,9
2964,36
2965,20
2966,44
2967,74
2968,24
2969,49
2970,57
2971,35
2972,79
2973,87
2974,31
2975,14
2976,27
2977,96
2978,65
2979,77
2980,51
2981,61
2982,12
2983,98
2984,66
2985,29
2986,32
2987,16
2988,0
2989,82
2990,83
2991,45
2992,89
2993,9
2994,16
2995,68
2996,35
2997,71
2998,44
2999,33
3000,65
3001,79
3002,40
3003,35
3004,44
3005,0
3006,45
3007,51
3008,7
3009,88
3010,32
3011,44
3012,64
3013,33
3014,92
3015,40
3016,3
3017,90
3018,26
3019,8
3020,9
3021,60
3022,36
3023,34
3024,78
3025,21
3026,58
3027,8
3028,83
3029,15
3030,79
3031,7
3032,33
3033,21
3034,60
3035,8
3036,84
3037,51
3038,88
3039,99
3040,87
3041,27
3042,86
3043,99
3044,8
3045,98
3046,12
3047,44
3048,75
3049,34
3050,74
3051,80
3052,59
3053,94
3054,8
3055,41
3056,53
3057,14
3058,34
3059,53
3060,20
3061,64
3062,46
3063,55
3064,38
3065,67
3066,0
3067,72
3068,2
3069,27
3070,77
3071,26
3072,25
3073,96
3074,42
3075,26
3076,81
3077,69
3078,10
3079,24
3080,87
3081,35
3082,40
3083,86
3084,37
3085,84
3086,63
3087,93
3088,31
3089,39
3090,14
3091,86
3092,26
3093,54
3094,6
3095,10
3096,17
3097,76
3098,40
3099,55
3100,85
3101,99
3102,38
3103,26
3104,42
3105,24
3106,25
3107,45
3108,37
3109,16
3110,60
3111,48
3112,44
3113,63
3114,19
3115,82
3116,46
3117,33
3118,31
3119,86
3120,69
3121,78
3122,9
3123,57
3124,11
3125,43
3126,35
3127,93
3128,62
3129,88
3130,64
3131,78
3132,6
3133,36
3134,1
3135,43
3136,1
3137,39
3138,87
3139,39
3140,18
3141,57
3142,67
3143,4
3144,90
3145,41
3146,76
3147,72
3148,43
3149,94
3150,5
3151,53
3152,95
3153,15
3154,52
3155,27
3156,30
3157,40
3158,30
3159,60
3160,2
3161,74
3162,36
3163,76
3164,47
3165,17
3166,43
3167,76
3168,88
3169,55
3170,63
3171,2
3172,26
3173,49
3174,70
3175,17
3176,86
3177,6
3178,3
3179,88
3180,26
3181,41
3182,79
3183,32
3184,6
3185,65
3186,20
3187,98
3188,26
3189,17
3190,1
3191,83
3192,43
3193,85
3194,72
3195,52
3196,24
3197,81
3198,64
3199,54
3200,42
3201,14
3202,78
3203,20
3204,68
3205,23
3206,62
3207,24
3208,25
3209,10
3210,88
3211,47
3212,79
3213,30
3214,29
3215,10
3216,9
3217,54
3218,52
3219,88
3220,33
3221,99
3222,66
3223,90
3224,62
3225,57
3226,25
3227,79
3228,86
3229,74
3230,41
3231,38
3232,9
3233,92
3234,98
3235,55
3236,13
3237,90
3238,16
3239,69
3240,48
3241,4
3242,37
3243,17
3244,68
3245,25
3246,96
3247,39
3248,80
3249,91
3250,93
3251,90
3252,26
3253,10
3254,74
3255,15
3256,48
3257,36
3258,31
3259,66
3260,15
3261,54
3262,44
3263,50
3264,33
3265,32
3266,18
3267,37
3268,57
3269,79
3270,98
3271,86
3272,30
3273,66
3274,74
3275,99
3276,89
3277,99
3278,26
3279,9
3280,87
3281,6
3282,22
3283,50
3284,13
3285,49
3286,86
3287,45
3288,90
3289,12
3290,49
3291,42
3292,57
3293,20
3294,27
3295,67
3296,73
3297,91
3298,39
3299,20
3300,73
3301,59
3302,69
3303,56
3304,28
3305,26
3306,29
3307,54
3308,87
3309,66
3310,18
3311,45
3312,99
3313,2
3314,79
3315,35
3316,9
3317,20
3318,79
3319,15
3320,87
3321,37
3322,36
3323,60
3324,33
3325,8
3326,51
3327,99
3328,88
3329,38
3330,90
3331,83
3332,78
3333,26
3334,16
3335,45
3336,64
3337,51
3338,42
3339,68
3340,67
3341,24
3342,38
3343,2
3344,6
3345,21
3346,42
3347,39
3348,10
3349,20
3350,9
3351,93
3352,64
3353,1
3354,14
3355,53
3356,7
3357,60
3358,53
3359,81
3360,43
3361,62
3362,38
3363,76
3364,84
3365,19
3366,32
3367,54
3368,34
3369,45
3370,8
3371,93
3372,6
3373,61
3374,13
3375,7
3376,6
3377,81
3378,94
3379,74
3380,38
3381,26
3382,78
3383,68
3384,78
3385,24
3386,36
3387,43
3388,49
3389,31
3390,78
3391,78
3392,49
3393,98
3394,25
3395,6
3396,27
3397,80
3398,25
3399,99
3400,11
3401,31
3402,82
3403,56
3404,96
3405,57
3406,45
3407,8
3408,76
3409,20
3410,95
3411,80
3412,89
3413,53
3414,23
3415,16
3416,52
3417,4
3418,26
3419,27
3420,78
3421,62
3422,88
3423,4
3424,49
3425,2
3426,25
3427,50
3428,66
3429,82
3430,20
3431,28
3432,1
3433,56
3434,26
3435,57
3436,60
3437,20
3438,39
3439,33
3440,56
3441,52
3442,21
3443,22
3444,9
3445,41
3446,24
3447,75
3448,5
3449,46
3450,12
3451,57
3452,84
3453,76
3454,38
3455,12
3456,38
3457,33
3458,76
3459,29
3460,57
3461,27
3462,32
3463,25
3464,96
3465,56
3466,49
3467,8
3468,43
3469,98
3470,39
3471,71
3472,46
3473,80
3474,44
3475,61
3476,31
3477,8
3478,13
3479,99
3480,19
3481,98
3482,52
3483,65
3484,8
3485,78
3486,54
3487,46
3488,73
3489,95
3490,1
3491,44
3492,53
3493,77
3494,23
3495,44
3496,42
3497,53
3498,44
3499,1
3500,37
3501,38
3502,33
3503,29
3504,74
3505,44
3506,57
3507,10
3508,14
3509,34
3510,0
3511,7
3512,70
3513,17
3514,64
3515,38
3516,62
3517,80
3518,0
3519,45
3520,59
3521,62
3522,80
3523,90
3524,44
3525,48
3526,45
3527,78
3528,21
3529,7
3530,38
3531,53
3532,89
3533,50
3534,46
3535,98
3536,32
3537,58
3538,43
3539,56
3540,22
3541,60
3542,79
3543,41
3544,28
3545,35
3546,90
3547,42
3548,9
3549,42
3550,88
3551,59
3552,33
3553,17
3554,92
3555,45
3556,52
3557,11
3558,48
3559,62
3560,87
3561,50
3562,79
3563,99
3564,13
3565,66
3566,7
3567,80
3568,20
3569,11
3570,9
3571,27
3572,23
3573,93
3574,8
3575,87
3576,41
3577,38
3578,96
3579,39
3580,49
3581,14
3582,96
3583,12
3584,38
3585,65
3586,39
3587,93
3588,31
3589,32
3590,19
3591,8
3592,53
3593,69
3594,27
3595,23
3596,29
3597,43
3598,4
3599,35
3600,96
3601,62
3602,79
3603,22
3604,73
3605,34
3606,48
3607,34
3608,34
3609,94
3610,78
3611,79
3612,71
3613,97
3614,7
3615,89
3616,6
3617,6
3618,44
3619,45
3620,27
3621,80
3622,34
3623,99
3624,47
3625,70
3626,51
3627,16
3628,88
3629,25
3630,89
3631,79
3632,62
3633,73
3634,62
3635,52
3636,32
3637,78
3638,93
3639,65
3640,68
3641,32
3642,92
3643,84
3644,26
3645,52
3646,5
3647,44
3648,29
3649,67
3650,86
3651,62
3652,78
3653,21
3654,28
3655,58
3656,74
3657,80
3658,88
3659,78
3660,66
3661,95
3662,91
3663,80
3664,65
3665,54
3666,56
3667,54
3668,38
3669,85
3670,28
3671,41
3672,60
3673,18
3674,26
3675,81
3676,7
3677,94
3678,23
3679,8
3680,16
3681,86
3682,8
3683,22
3684,51
3685,75
3686,26
3687,35
3688,82
3689,46
3690,55
3691,53
3692,35
3693,39
3694,27
3695,86
3696,84
3697,51
3698,8
3699,45
3700,57
3701,81
3702,94
3703,28
3704,10
3705,94
3706,25
3707,11
3708,29
3709,65
3710,76
3711,77
3712,0
3713,1
3714,63
3715,48
3716,39
3717,79
3718,42
3719,12
3720,83
3721,12
3722,7
3723,87
3724,15
3725,0
3726,67
3727,90
3728,10
3729,84
3730,10
3731,97
3732,48
3733,63
3734,51
3735,52
3736,52
3737,85
3738,69
3739,85
3740,37
3741,69
3742,51
3743,69
3744,28
3745,77
3746,33
3747,97
3748,93
3749,64
3750,43
3751,0
3752,0
3753,5
3754,42
3755,13
3756,4
3757,85
3758,79
3759,74
3760,34
3761,44
3762,91
3763,85
3764,56
3765,25
3766,11
3767,93
3768,77
3769,12
3770,82
3771,18
3772,63
3773,56
3774,37
3775,0
3776,62
3777,63
3778,99
3779,88
3780,5
3781,26
3782,24
3783,86
3784,29
3785,38
3786,77
3787,94
3788,74
3789,6
3790,25
3791,52
3792,89
3793,5
3794,40
3795,41
3796,93
3797,76
3798,19
3799,78
3800,49
3801,57
3802,55
3803,50
3804,91
3805,63
3806,94
3807,26
3808,59
3809,21
3810,76
3811,47
3812,65
3813,60
3814,78
3815,25
3816,46
3817,97
3818,96
3819,65
3820,98
3821,85
3822,56
3823,34
3824,65
3825,41
3826,9
3827,5
3828,83
3829,15
3830,51
3831,15
3832,47
3833,68
3834,46
3835,94
3836,61
3837,69
3838,49
3839,86
3840,34
3841,36
3842,59
3843,73
3844,83
3845,72
3846,15
3847,62
3848,60
3849,97
3850,9
3851,69
3852,65
3853,16
3854,38
3855,39
3856,87
3857,48
3858,93
3859,29
3860,30
3861,7
3862,63
3863,61
3864,41
3865,47
3866,99
3867,87
3868,13
3869,98
3870,57
3871,34
3872,39
3873,8
3874,27
3875,29
3876,83
3877,97
3878,60
3879,8
3880,63
3881,44
3882,44
3883,78
3884,29
3885,57
3886,4
3887,13
3888,65
3889,75
3890,91
3891,84
3892,79
3893,86
3894,8
3895,25
3896,79
3897,81
3898,79
3899,64
3900,2
3901,86
3902,67
3903,54
3904,77
3905,60
3906,9
3907,51
3908,43
3909,68
3910,25
3911,71
3912,20
3913,89
3914,7
3915,84
3916,4
3917,59
3918,26
3919,18
3920,4
3921,98
3922,64
3923,74
3924,94
3925,5
3926,86
3927,97
3928,23
3929,1
3930,33
3931,17
3932,1
3933,89
3934,27
3935,8
3936,45
3937,28
3938,23
3939,19
3940,88
3941,87
3942,82
3943,26
3944,33
3945,88
3946,28
3947,13
3948,91
3949,76
3950,76
3951,38
3952,80
3953,70
3954,17
3955,78
3956,45
3957,75
3958,53
3959,14
3960,37
3961,44
3962,51
3963,34
3964,71
3965,96
3966,6
3967,40
3968,59
3969,47
3970,37
3971,41
3972,66
3973,67
3974,89
3975,82
3976,14
3977,85
3978,6
3979,98
3980,88
3981,7
3982,65
3983,50
3984,40
3985,15
3986,1
3987,29
3988,38
3989,19
3990,40
3991,31
3992,60
3993,79
3994,63
3995,6
3996,50
3997,31
3998,21
3999,52
4000,19
4001,1
4002,10
4003,34
4004,65
4005,77
4006,5
4007,37
4008,7
4009,70
4010,20
4011,93
4012,41
4013,83
4014,87
4015,11
4016,30
4017,93
4018,16
4019,85
4020,32
4021,14
4022,62
4023,24
4024,5
4025,49
4026,53
4027,58
4028,48
4029,94
4030,7
4031,94
4032,29
4033,94
4034,94
4035,52
4036,2
4037,61
4038,41
4039,50
4040,84
4041,76
4042,18
4043,64
4044,38
4045,82
4046,43
4047,41
4048,69
4049,34
4050,65
4051,29
4052,62
4053,86
4054,99
4055,55
4056,35
4057,27
4058,91
4059,66
4060,56
4061,20
4062,83
4063,54
4064,75
4065,33
4066,17
4067,27
4068,95
4069,71
4070,88
4071,2
4072,43
4073,96
4074,30
4075,26
4076,9
4077,9
4078,44
4079,78
4080,87
4081,79
4082,46
4083,59
4084,44
4085,67
4086,52
4087,94
4088,49
4089,33
4090,44
4091,78
4092,71
4093,76
4094,21
4095,13
4096,30
4097,99
4098,64
4099,40
4100,0
4101,79
4102,4
4103,82
4104,42
4105,69
4106,8
4107,3
4108,74
4109,45
4110,21
4111,61
4112,92
4113,79
4114,86
4115,3
4116,95
4117,38
4118,34
4119,64
4120,40
4121,68
4122,17
4123,41
4124,49
4125,20
4126,4
4127,75
4128,45
4129,58
4130,60
4131,63
4132,62
4133,17
4134,37
4135,78
4136,96
4137,59
4138,65
4139,40
4140,94
4141,46
4142,49
4143,44
4144,0
4145,98
4146,45
4147,48
4148,1
4149,96
4150,54
4151,45
4152,81
4153,97
4154,79
4155,4
4156,63
4157,26
4158,37
4159,20
4160,49
4161,42
4162,16
4163,8
4164,21
4165,79
4166,40
4167,68
4168,29
4169,67
4170,46
4171,94
4172,68
4173,81
4174,10
4175,62
4176,25
4177,34
4178,2
4179,87
4180,2
4181,21
4182,42
4183,39
4184,65
4185,96
4186,20
4187,21
4188,78
4189,68
4190,88
4191,4
4192,49
4193,69
4194,17
4195,44
4196,81
4197,3
4198,80
4199,67
4200,84
4201,85
4202,95
4203,25
4204,7
4205,24
4206,22
4207,23
4208,94
4209,33
4210,90
4211,8
4212,68
4213,52
4214,20
4215,29
4216,54
4217,53
4218,8
4219,4
4220,49
4221,53
4222,33
4223,85
4224,47
4225,97
4226,5
4227,35
4228,71
4229,97
4230,54
4231,17
4232,56
4233,70
4234,15
4235,69
4236,19
4237,24
4238,43
4239,8
4240,34
4241,77
4242,99
4243,66
4244,30
4245,94
4246,27
4247,46
4248,19
4249,44
4250,16
4251,8
4252,61
4253,40
4254,15
4255,38
4256,37
4257,2
4258,86
4259,20
4260,90
4261,29
4262,30
4263,29
4264,34
4265,14
4266,43
4267,57
4268,6
4269,51
4270,87
4271,91
4272,41
4273,44
4274,27
4275,93
4276,19
4277,34
4278,44
4279,79
4280,79
4281,17
4282,8
4283,4
4284,88
4285,97
4286,44
4287,80
4288,33
4289,0
4290,19
4291,12
4292,91
4293,91
4294,97
4295,50
4296,13
4297,61
4298,50
4299,85
4300,37
4301,32
4302,66
4303,43
4304,1
4305,19
4306,25
4307,13
4308,50
4309,56
4310,60
4311,14
4312,99
4313,43
4314,86
4315,1
4316,89
4317,80
4318,27
4319,77
4320,42
4321,22
4322,25
4323,38
4324,46
4325,9
4326,32
4327,12
4328,50
4329,8
4330,96
4331,61
4332,76
4333,43
4334,9
4335,89
4336,70
4337,83
4338,32
4339,16
4340,0
4341,3
4342,93
4343,68
4344,32
4345,15
4346,2
4347,88
4348,10
4349,55
4350,84
4351,67
4352,89
4353,94
4354,50
4355,10
4356,62
4357,69
4358,49
4359,36
4360,57
4361,16
4362,56
4363,84
4364,75
4365,50
4366,5
4367,10
4368,83
4369,1
4370,59
4371,78
4372,87
4373,51
4374,6
4375,44
4376,82
4377,1
4378,72
4379,17
4380,78
4381,17
4382,94
4383,93
4384,25
4385,62
4386,19
4387,58
4388,7
4389,42
4390,38
4391,1
4392,24
4393,46
4394,64
4395,88
4396,54
4397,66
4398,96
4399,98
4400,7
4401,95
4402,27
4403,57
4404,89
4405,65
4406,59
4407,24
4408,49
4409,5
4410,80
4411,53
4412,14
4413,27
4414,75
4415,31
4416,69
4417,14
4418,24
4419,19
4420,2
4421,68
4422,74
4423,75
4424,75
4425,41
4426,81
4427,26
4428,78
4429,34
4430,27
4431,18
4432,43
4433,57
4434,71
4435,15
4436,7
4437,17
4438,83
4439,92
4440,6
4441,34
4442,29
4443,86
4444,20
4445,4
4446,43
4447,26
4448,69
4449,88
4450,80
4451,4
4452,26
4453,1
4454,79
4455,12
4456,87
4457,27
4458,65
4459,29
4460,52
4461,51
4462,70
4463,58
4464,81
4465,56
4466,94
4467,74
4468,13
4469,97
4470,97
4471,26
4472,7
4473,80
4474,89
4475,22
4476,54
4477,75
4478,75
4479,71
4480,26
4481,75
4482,7
4483,75
4484,11
4485,19
4486,38
4487,48
4488,7
4489,12
4490,9
4491,31
4492,60
4493,38
4494,42
4495,45
4496,43
4497,36
4498,85
4499,96
4500,70
4501,66
4502,62
4503,93
4504,10
4505,65
4506,58
4507,60
4508,38
4509,38
4510,27
4511,81
4512,21
4513,29
4514,44
4515,58
4516,34
4517,50
4518,5
4519,77
4520,10
4521,37
4522,99
4523,67
4524,30
4525,20
4526,98
4527,33
4528,40
4529,46
4530,47
4531,14
4532,63
4533,4
4534,53
4535,91
4536,81
4537,1
4538,16
4539,46
4540,4
4541,96
4542,52
4543,41
4544,46
4545,42
4546,7
4547,6
4548,34
4549,26
4550,65
4551,46
4552,92
4553,52
4554,75
4555,78
4556,60
4557,70
4558,10
4559,67
4560,16
4561,88
4562,22
4563,15
4564,24
4565,47
4566,30
4567,70
4568,84
4569,7
4570,28
4571,67
4572,53
4573,28
4574,46
4575,54
4576,78
4577,66
4578,41
4579,4
4580,72
4581,47
4582,52
4583,59
4584,68
4585,21
4586,58
4587,26
4588,58
4589,99
4590,18
4591,24
4592,30
4593,8
4594,85
4595,86
4596,44
4597,76
4598,60
4599,56
4600,14
4601,55
4602,97
4603,74
4604,14
4605,40
4606,19
4607,61
4608,33
4609,42
4610,89
4611,42
4612,65
4613,92
4614,45
4615,49
4616,7
4617,52
4618,66
4619,99
4620,25
4621,38
4622,64
4623,11
4624,92
4625,15
4626,93
4627,14
4628,55
4629,10
4630,90
4631,94
4632,29
4633,57
4634,80
4635,21
4636,66
4637,83
4638,5
4639,56
4640,0
4641,34
4642,40
4643,18
4644,80
4645,93
4646,8
4647,23
4648,6
4649,29
4650,55
4651,68
4652,4
4653,50
4654,98
4655,16
4656,22
4657,47
4658,90
4659,55
4660,59
4661,33
4662,27
4663,89
4664,45
4665,40
4666,26
4667,78
4668,20
4669,18
4670,68
4671,79
4672,18
4673,18
4674,68
4675,24
4676,70
4677,36
4678,13
4679,27
4680,89
4681,20
4682,60
4683,9
4684,26
4685,96
4686,7
4687,64
4688,70
4689,25
4690,46
4691,89
4692,12
4693,27
4694,17
4695,91
4696,74
4697,9
4698,4
4699,25
4700,80
4701,62
4702,35
4703,34
4704,10
4705,54
4706,65
4707,32
4708,14
4709,34
4710,63
4711,43
4712,91
4713,94
4714,66
4715,63
4716,1
4717,99
4718,4
4719,18
4720,74
4721,22
4722,20
4723,16
4724,26
4725,40
4726,32
4727,92
4728,56
4729,47
4730,52
4731,48
4732,6
4733,26
4734,94
4735,40
4736,43
4737,96
4738,79
4739,27
4740,25
4741,41
4742,18
4743,27
4744,76
4745,80
4746,82
4747,52
4748,14
4749,74
4750,46
4751,18
4752,43
4753,32
4754,38
4755,57
4756,9
4757,45
4758,96
4759,67
4760,57
4761,99
4762,51
4763,60
4764,71
4765,8
4766,65
4767,36
4768,96
4769,40
4770,30
4771,87
4772,7
4773,84
4774,56
4775,51
4776,95
4777,96
4778,93
4779,77
4780,26
4781,24
4782,67
4783,65
4784,25
4785,82
4786,50
4787,10
4788,13
4789,22
4790,26
4791,19
4792,0
4793,12
4794,59
4795,52
4796,24
4797,70
4798,10
4799,86
4800,39
4801,31
4802,37
4803,60
4804,40
4805,93
4806,87
4807,17
4808,17
4809,39
4810,35
4811,54
4812,38
4813,1
4814,99
4815,24
4816,69
4817,4
4818,9
4819,35
4820,50
4821,58
4822,76
4823,87
4824,4
4825,25
4826,29
4827,33
4828,79
4829,79
4830,10
4831,47
4832,82
4833,43
4834,11
4835,14
4836,46
4837,86
4838,85
4839,15
4840,77
4841,69
4842,65
4843,78
4844,33
4845,61
4846,10
4847,20
4848,9
4849,37
4850,6
4851,82
4852,89
4853,80
4854,77
4855,88
4856,43
4857,46
4858,23
4859,22
4860,75
4861,78
4862,15
4863,91
4864,85
4865,26
4866,68
4867,26
4868,91
4869,28
4870,85
4871,55
4872,91
4873,19
4874,59
4875,44
4876,98
4877,26
4878,11
4879,17
4880,86
4881,85
4882,65
4883,37
4884,85
4885,20
4886,86
4887,81
4888,17
4889,19
4890,16
4891,43
4892,48
4893,49
4894,50
4895,44
4896,53
4897,99
4898,4
4899,26
4900,88
4901,64
4902,87
4903,66
4904,17
4905,78
4906,6
4907,27
4908,8
4909,95
4910,94
4911,63
4912,62
4913,56
4914,66
4915,4
4916,60
4917,11
4918,20
4919,37
4920,23
4921,80
4922,16
4923,0
4924,22
4925,59
4926,65
4927,48
4928,40
4929,79
4930,17
4931,52
4932,51
4933,94
4934,87
4935,42
4936,6
4937,20
4938,44
4939,28
4940,30
4941,7
4942,66
4943,44
4944,75
4945,31
4946,79
4947,94
4948,57
4949,63
4950,12
4951,66
4952,99
4953,88
4954,32
4955,11
4956,9
4957,96
4958,81
4959,40
4960,8
4961,6
4962,2
4963,92
4964,93
4965,53
4966,14
4967,60
4968,51
4969,4
4970,38
4971,4
4972,4
4973,37
4974,99
4975,47
4976,31
4977,62
4978,70
4979,63
4980,8
4981,32
4982,51
4983,91
4984,97
4985,79
4986,87
4987,18
4988,61
4989,53
4990,70
4991,34
4992,42
4993,33
4994,54
4995,99
4996,63
4997,27
4998,13
4999,29
5000,56
5001,0
5002,82
5003,48
5004,76
5005,82
5006,49
5007,19
5008,58
5009,58
5010,65
5011,37
5012,34
5013,78
5014,68
5015,82
5016,43
5017,35
5018,68
5019,47
5020,12
5021,91
5022,83
5023,23
5024,63
5025,89
5026,35
5027,43
5028,62
5029,15
5030,9
5031,79
5032,86
5033,18
5034,75
5035,46
5036,12
5037,41
5038,77
5039,60
5040,78
5041,17
5042,68
5043,78
5044,88
5045,33
5046,35
5047,34
5048,86
5049,63
5050,4
5051,26
5052,33
5053,49
5054,39
5055,63
5056,78
5057,26
5058,36
5059,94
5060,66
5061,46
5062,76
5063,8
5064,13
5065,78
5066,87
5067,27
5068,28
5069,1
5070,32
5071,16
5072,77
5073,80
5074,78
5075,44
5076,4
5077,63
5078,65
5079,18
5080,80
5081,78
5082,94
5083,61
5084,34
5085,65
5086,63
5087,22
5088,1
5089,80
5090,21
5091,13
5092,98
5093,69
5094,96
5095,18
5096,20
5097,91
5098,68
5099,65
5100,69
5101,32
5102,7
5103,43
5104,49
5105,88
5106,79
5107,32
5108,82
5109,42
5110,58
5111,91
5112,48
5113,66
5114,7
5115,17
5116,28
5117,36
5118,22
5119,15
5120,21
5121,81
5122,59
5123,14
5124,37
5125,75
5126,15
5127,10
5128,74
5129,89
5130,90
5131,43
5132,31
5133,37
5134,33
5135,28
5136,68
5137,2
5138,61
5139,87
5140,20
5141,89
5142,43
5143,74
5144,91
5145,47
5146,5
5147,25
5148,60
5149,37
5150,91
5151,61
5152,91
5153,71
5154,14
5155,82
5156,80
5157,30
5158,47
5159,15
5160,45
5161,54
5162,48
5163,13
5164,85
5165,19
5166,35
5167,38
5168,44
5169,27
5170,0
5171,8
5172,28
5173,44
5174,46
5175,13
5176,81
5177,36
5178,29
5179,86
5180,19
5181,94
5182,43
5183,98
5184,89
5185,42
5186,60
5187,69
5188,68
5189,89
5190,26
5191,24
5192,49
5193,12
5194,71
5195,87
5196,71
5197,46
5198,14
5199,88
5200,74
5201,17
5202,25
5203,16
5204,44
5205,17
5206,18
5207,74
5208,50
5209,18
5210,42
5211,83
5212,60
5213,78
5214,57
5215,94
5216,48
5217,75
5218,3
5219,51
5220,14
5221,80
5222,41
5223,52
5224,52
5225,12
5226,98
5227,87
5228,99
5229,86
5230,5
5231,42
5232,60
5233,50
5234,99
5235,50
5236,22
5237,96
5238,47
5239,84
5240,60
5241,71
5242,39
5243,74
5244,66
5245,56
5246,24
5247,79
5248,76
5249,15
5250,5
5251,16
5252,43
5253,83
5254,28
5255,32
5256,55
5257,79
5258,25
5259,38
5260,82
5261,43
5262,26
5263,52
5264,71
5265,63
5266,47
5267,60
5268,44
5269,15
5270,61
5271,36
5272,90
5273,32
5274,21
5275,73
5276,34
5277,43
5278,13
5279,42
5280,49
5281,33
5282,53
5283,95
5284,78
5285,78
5286,85
5287,85
5288,79
5289,50
5290,18
5291,97
5292,14
5293,68
5294,16
5295,38
5296,6
5297,51
5298,66
5299,65
5300,45
5301,71
5302,6
5303,96
5304,8
5305,73
5306,0
5307,66
5308,28
5309,57
5310,66
5311,48
5312,45
5313,95
5314,89
5315,16
5316,42
5317,85
5318,61
5319,22
5320,75
5321,25
5322,55
5323,60
5324,26
5325,85
5326,83
5327,38
5328,6
5329,43
5330,44
5331,98
5332,62
5333,94
5334,32
5335,27
5336,66
5337,45
5338,79
5339,44
5340,99
5341,26
5342,48
5343,89
5344,59
5345,98
5346,26
5347,34
5348,78
5349,25
5350,48
5351,96
5352,36
5353,29
5354,18
5355,76
5356,80
5357,61
5358,56
5359,32
5360,99
5361,57
5362,8
5363,64
5364,22
5365,61
5366,77
5367,85
5368,95
5369,99
5370,0
5371,80
5372,84
5373,33
5374,29
5375,51
5376,36
5377,2
5378,39
5379,76
5380,95
5381,55
5382,93
5383,63
5384,60
5385,21
5386,51
5387,94
5388,67
5389,6
5390,62
5391,35
5392,28
5393,26
5394,61
5395,29
5396,66
5397,95
5398,4
5399,42
5400,17
5401,8
5402,30
5403,84
5404,83
5405,78
5406,25
5407,50
5408,38
5409,99
5410,52
5411,28
5412,44
5413,84
5414,22
5415,5
5416,94
5417,85
5418,50
5419,4
5420,33
5421,1
5422,34
5423,12
5424,14
5425,97
5426,78
5427,7
5428,94
5429,85
5430,48
5431,16
5432,85
5433,50
5434,59
5435,36
5436,53
5437,58
5438,54
5439,60
5440,9
5441,44
5442,49
5443,71
5444,18
5445,89
5446,15
5447,95
5448,56
5449,38
5450,88
5451,6
5452,6
5453,43
5454,86
5455,15
5456,24
5457,84
5458,42
5459,60
5460,48
5461,19
5462,14
5463,10
5464,13
5465,12
5466,63
5467,42
5468,68
5469,88
5470,52
5471,74
5472,42
5473,20
5474,14
5475,66
5476,62
5477,76
5478,67
5479,22
5480,63
5481,78
5482,28
5483,44
5484,51
5485,83
5486,48
5487,79
5488,67
5489,38
5490,54
5491,18
5492,70
5493,88
5494,15
5495,89
5496,0
5497,31
5498,26
5499,59
5500,98
5501,10
5502,64
5503,7
5504,55
5505,39
5506,32
5507,14
5508,10
5509,40
5510,66
5511,32
5512,45
5513,63
5514,54
5515,6
5516,15
5517,84
5518,7
5519,42
5520,54
5521,26
5522,28
5523,45
5524,36
5525,31
5526,80
5527,16
5528,59
5529,6
5530,27
5531,87
5532,29
5533,26
5534,14
5535,46
5536,2
5537,68
5538,52
5539,18
5540,66
5541,34
5542,37
5543,65
5544,90
5545,46
5546,88
5547,76
5548,95
5549,5
5550,89
5551,69
5552,2
5553,71
5554,95
5555,98
5556,7
5557,52
5558,79
5559,7
5560,14
5561,60
5562,63
5563,59
5564,35
5565,94
5566,25
5567,71
5568,58
5569,29
5570,42
5571,85
5572,48
5573,82
5574,21
5575,38
5576,69
5577,39
5578,12
5579,42
5580,5
5581,17
5582,94
5583,78
5584,77
5585,95
5586,87
5587,94
5588,20
5589,44
5590,73
5591,74
5592,62
5593,41
5594,1
5595,66
5596,85
5597,79
5598,66
5599,43
5600,29
5601,99
5602,44
5603,20
5604,7
5605,77
5606,63
5607,53
5608,15
5609,37
5610,33
5611,76
5612,48
5613,63
5614,84
5615,31
5616,54
5617,28
5618,74
5619,34
5620,96
5621,63
5622,54
5623,98
5624,93
5625,61
5626,46
5627,18
5628,7
5629,59
5630,68
5631,33
5632,84
5633,39
5634,90
5635,37
5636,35
5637,81
5638,19
5639,6
5640,4
5641,23
5642,93
5643,94
5644,77
5645,47
5646,57
5647,5
5648,13
5649,16
5650,48
5651,96
5652,23
5653,79
5654,58
5655,46
5656,71
5657,60
5658,62
5659,39
5660,68
5661,96
5662,88
5663,22
5664,83
5665,77
5666,94
5667,73
5668,70
5669,59
5670,4
5671,12
5672,79
5673,80
5674,55
5675,0
5676,61
5677,24
5678,56
5679,0
5680,70
5681,66
5682,81
5683,20
5684,54
5685,11
5686,9
5687,61
5688,65
5689,78
5690,22
5691,48
5692,32
5693,96
5694,77
5695,49
5696,89
5697,36
5698,42
5699,20
5700,66
5701,22
5702,87
5703,71
5704,50
5705,95
5706,27
5707,50
5708,54
5709,44
5710,19
5711,6
5712,66
5713,54
5714,32
5715,58
5716,10
5717,64
5718,38
5719,15
5720,27
5721,49
5722,13
5723,96
5724,99
5725,62
5726,34
5727,53
5728,17
5729,93
5730,66
5731,0
5732,20
5733,22
5734,37
5735,67
5736,85
5737,29
5738,81
5739,31
5740,39
5741,9
5742,61
5743,95
5744,74
5745,55
5746,50
5747,72
5748,22
5749,17
5750,30
5751,95
5752,64
5753,1
5754,56
5755,57
5756,58
5757,90
5758,56
5759,27
5760,16
5761,26
5762,15
5763,90
5764,99
5765,56
5766,40
5767,63
5768,22
5769,79
5770,14
5771,72
5772,76
5773,73
5774,11
5775,79
5776,5
5777,12
5778,12
5779,43
5780,91
5781,42
5782,79
5783,65
5784,92
5785,33
5786,65
5787,42
5788,24
5789,62
5790,49
5791,30
5792,24
5793,25
5794,93
5795,74
5796,59
5797,46
5798,2
5799,20
5800,83
5801,27
5802,38
5803,30
5804,73
5805,55
5806,41
5807,0
5808,35
5809,54
5810,9
5811,8
5812,67
5813,81
5814,12
5815,49
5816,23
5817,81
5818,48
5819,86
5820,51
5821,54
5822,59
5823,69
5824,7
5825,94
5826,42
5827,56
5828,37
5829,63
5830,67
5831,21
5832,38
5833,43
5834,85
5835,24
5836,16
5837,56
5838,96
5839,41
5840,62
5841,7
5842,79
5843,38
5844,26
5845,22
5846,47
5847,32
5848,70
5849,28
5850,96
5851,73
5852,57
5853,13
5854,47
5855,8
5856,1
5857,17
5858,62
5859,45
5860,27
5861,26
5862,34
5863,57
5864,60
5865,16
5866,54
5867,44
5868,52
5869,26
5870,50
5871,86
5872,33
5873,74
5874,63
5875,71
5876,85
5877,8
5878,31
5879,28
5880,17
5881,44
5882,38
5883,93
5884,16
5885,0
5886,17
5887,26
5888,71
5889,34
5890,64
5891,99
5892,27
5893,85
5894,16
5895,79
5896,54
5897,14
5898,94
5899,41
5900,0
5901,74
5902,44
5903,98
5904,6
5905,42
5906,26
5907,73
5908,9
5909,30
5910,62
5911,65
5912,43
5913,0
5914,57
5915,15
5916,65
5917,57
5918,69
5919,47
5920,81
5921,84
5922,86
5923,43
5924,80
5925,52
5926,20
5927,59
5928,38
5929,79
5930,61
5931,62
5932,58
5933,18
5934,98
5935,1
5936,25
5937,90
5938,64
5939,40
5940,39
5941,60
5942,66
5943,6
5944,78
5945,29
5946,31
5947,44
5948,22
5949,78
5950,26
5951,49
5952,71
5953,68
5954,50
5955,46
5956,45
5957,86
5958,49
5959,61
5960,80
5961,18
5962,72
5963,5
5964,19
5965,60
5966,27
5967,70
5968,91
5969,90
5970,11
5971,77
5972,80
5973,99
5974,85
5975,62
5976,86
5977,51
5978,22
5979,43
5980,21
5981,87
5982,67
5983,20
5984,57
5985,13
5986,95
5987,9
5988,14
5989,12
5990,24
5991,61
5992,77
5993,9
5994,8
5995,20
5996,4
5997,60
5998,54
5999,78
6000,31
6001,18
6002,35
6003,23
6004,47
6005,59
6006,30
6007,88
6008,94
6009,44
6010,38
6011,17
6012,81
6013,76
6014,62
6015,39
6016,93
6017,33
6018,9
6019,18
6020,53
6021,46
6022,48
6023,46
6024,26
6025,40
6026,88
6027,21
6028,36
6029,4
6030,82
6031,40
6032,47
6033,10
6034,61
6035,83
6036,73
6037,15
6038,54
6039,88
6040,31
6041,35
6042,39
6043,70
6044,15
6045,74
6046,94
6047,70
6048,59
6049,62
6050,19
6051,9
6052,31
6053,25
6054,55
6055,42
6056,99
6057,16
6058,79
6059,28
6060,98
6061,29
6062,90
6063,89
6064,14
6065,7
6066,37
6067,26
6068,72
6069,10
6070,13
6071,40
6072,49
6073,29
6074,5
6075,58
6076,36
6077,85
6078,83
6079,10
6080,34
6081,12
6082,5
6083,17
6084,29
6085,80
6086,33
6087,6
6088,65
6089,9
6090,5
6091,38
6092,88
6093,28
6094,43
6095,99
6096,43
6097,99
6098,20
6099,53
6100,32
6101,89
6102,62
6103,44
6104,38
6105,88
6106,56
6107,23
6108,71
6109,4
6110,79
6111,88
6112,39
6113,66
6114,96
6115,63
6116,29
6117,39
6118,33
6119,31
6120,84
6121,7
6122,83
6123,18
6124,43
6125,52
6126,2
6127,88
6128,44
6129,2
6130,19
6131,81
6132,33
6133,6
6134,39
6135,77
6136,96
6137,52
6138,25
6139,10
6140,21
6141,20
6142,29
6143,78
6144,48
6145,39
6146,44
6147,50
6148,80
6149,12
6150,99
6151,43
6152,70
6153,79
6154,44
6155,6
6156,74
6157,43
6158,32
6159,5
6160,97
6161,87
6162,34
6163,34
6164,59
6165,22
6166,16
6167,70
6168,9
6169,25
6170,77
6171,50
6172,17
6173,40
6174,47
6175,43
6176,37
6177,74
6178,63
6179,49
6180,61
6181,68
6182,78
6183,59
6184,28
6185,80
6186,43
6187,43
6188,23
6189,5
6190,63
6191,87
6192,1
6193,5
6194,84
6195,36
6196,26
6197,57
6198,99
6199,83
6200,81
6201,34
6202,30
6203,55
6204,22
6205,95
6206,40
6207,65
6208,49
6209,38
6210,78
6211,8
6212,83
6213,5
6214,87
6215,63
6216,40
6217,9
6218,39
6219,62
6220,47
6221,8
6222,62
6223,50
6224,61
6225,22
6226,8
6227,2
6228,66
6229,66
6230,32
6231,18
6232,56
6233,20
6234,95
6235,12
6236,47
6237,94
6238,22
6239,9
6240,23
6241,11
6242,55
6243,27
6244,93
6245,20
6246,17
6247,43
6248,73
6249,47
6250,60
6251,28
6252,61
6253,57
6254,0
6255,31
6256,1
6257,29
6258,24
6259,71
6260,52
6261,60
6262,89
6263,57
6264,52
6265,5
6266,27
6267,22
6268,99
6269,22
6270,14
6271,56
6272,1
6273,26
6274,6
6275,60
6276,50
6277,7
6278,88
6279,48
6280,54
6281,37
6282,27
6283,71
6284,79
6285,4
6286,38
6287,73
6288,56
6289,5
6290,76
6291,46
6292,84
6293,89
6294,90
6295,52
6296,1
6297,39
6298,39
6299,86
6300,23
6301,2
6302,36
6303,37
6304,87
6305,66
6306,66
6307,85
6308,33
6309,6
6310,15
6311,2
6312,54
6313,29
6314,18
6315,71
6316,91
6317,98
6318,55
6319,56
6320,14
6321,74
6322,37
6323,87
6324,22
6325,26
6326,65
6327,10
6328,75
6329,16
6330,74
6331,66
6332,52
6333,52
6334,86
6335,66
6336,7
6337,69
6338,41
6339,81
6340,39
6341,39
6342,61
6343,48
6344,44
6345,60
6346,38
6347,40
6348,63
6349,30
6350,2
6351,54
6352,60
6353,14
6354,59
6355,80
6356,97
6357,46
6358,73
6359,52
6360,89
6361,24
6362,59
6363,75
6364,20
6365,27
6366,92
6367,47
6368,5
6369,63
6370,39
6371,26
6372,45
6373,67
6374,46
6375,79
6376,76
6377,27
6378,13
6379,89
6380,26
6381,87
6382,48
6383,86
6384,50
6385,99
6386,2
6387,21
6388,82
6389,90
6390,94
6391,63
6392,68
6393,75
6394,79
6395,43
6396,20
6397,98
6398,89
6399,36
6400,18
6401,42
6402,67
6403,81
6404,67
6405,52
6406,17
6407,76
6408,5
6409,80
6410,68
6411,13
6412,37
6413,94
6414,1
6415,10
6416,48
6417,21
6418,38
6419,39
6420,40
6421,60
6422,19
6423,94
6424,78
6425,68
6426,52
6427,19
6428,4
6429,79
6430,89
6431,49
6432,27
6433,97
6434,14
6435,93
6436,66
6437,38
6438,26
6439,36
6440,9
6441,66
6442,44
6443,47
6444,33
6445,79
6446,63
6447,44
6448,43
6449,25
6450,80
6451,39
6452,32
6453,35
6454,40
6455,78
6456,38
6457,16
6458,80
6459,45
6460,12
6461,99
6462,44
6463,54
6464,41
6465,46
6466,69
6467,79
6468,44
6469,65
6470,32
6471,30
6472,69
6473,80
6474,85
6475,15
6476,7
6477,5
6478,71
6479,56
6480,59
6481,43
6482,22
6483,15
6484,15
6485,4
6486,32
6487,56
6488,99
6489,93
6490,61
6491,20
6492,78
6493,57
6494,78
6495,29
6496,2
6497,91
6498,64
6499,43
6500,22
6501,49
6502,26
6503,28
6504,47
6505,34
6506,85
6507,9
6508,22
6509,29
6510,87
6511,38
6512,94
6513,50
6514,39
6515,85
6516,53
6517,12
6518,27
6519,57
6520,78
6521,80
6522,51
6523,33
6524,7
6525,77
6526,55
6527,68
6528,38
6529,37
6530,5
6531,87
6532,53
6533,36
6534,8
6535,44
6536,57
6537,78
6538,31
6539,51
6540,34
6541,7
6542,96
6543,39
6544,34
6545,34
6546,38
6547,48
6548,56
6549,18
6550,83
6551,92
6552,78
6553,8
6554,26
6555,66
6556,37
6557,68
6558,15
6559,10
6560,0
6561,66
6562,33
6563,60
6564,43
6565,70
6566,74
6567,31
6568,87
6569,49
6570,99
6571,7
6572,68
6573,98
6574,58
6575,89
6576,35
6577,43
6578,65
6579,78
6580,72
6581,79
6582,25
6583,66
6584,86
6585,43
6586,49
6587,62
6588,52
6589,16
6590,61
6591,5
6592,96
6593,71
6594,20
6595,33
6596,93
6597,28
6598,76
6599,37
6600,67
6601,92
6602,9
6603,50
6604,79
6605,38
6606,98
6607,52
6608,84
6609,74
6610,63
6611,35
6612,52
6613,73
6614,87
6615,62
6616,15
6617,11
6618,59
6619,20
6620,52
6621,47
6622,26
6623,65
6624,35
6625,7
6626,38
6627,24
6628,2
6629,17
6630,36
6631,33
6632,74
6633,41
6634,32
6635,71
6636,59
6637,55
6638,91
6639,22
6640,37
6641,83
6642,18
6643,96
6644,18
6645,4
6646,29
6647,82
6648,64
6649,67
6650,49
6651,35
6652,97
6653,58
6654,43
6655,20
6656,86
6657,22
6658,47
6659,1
6660,53
6661,60
6662,26
6663,83
6664,7
6665,32
6666,51
6667,45
6668,51
6669,98
6670,69
6671,16
6672,98
6673,22
6674,49
6675,4
6676,93
6677,1
6678,19
6679,51
6680,99
6681,51
6682,18
6683,92
6684,76
6685,47
6686,88
6687,82
6688,75
6689,61
6690,38
6691,90
6692,78
6693,34
6694,5
6695,84
6696,85
6697,19
6698,2
6699,67
6700,67
6701,1
6702,29
6703,90
6704,34
6705,51
6706,12
6707,91
6708,47
6709,98
6710,99
6711,96
6712,87
6713,8
6714,5
6715,27
6716,11
6717,71
6718,21
6719,28
6720,26
6721,80
6722,67
6723,75
6724,40
6725,37
6726,42
6727,95
6728,93
6729,51
6730,48
6731,65
6732,6
6733,39
6734,13
6735,63
6736,8
6737,14
6738,0
6739,71
6740,78
6741,47
6742,81
6743,34
6744,76
6745,82
6746,97
6747,99
6748,24
6749,76
6750,57
6751,32
6752,63
6753,44
6754,54
6755,83
6756,27
6757,65
6758,98
6759,1
6760,39
6761,38
6762,17
6763,75
6764,81
6765,74
6766,25
6767,42
6768,96
6769,85
6770,83
6771,66
6772,10
6773,52
6774,65
6775,2
6776,69
6777,39
6778,15
6779,77
6780,50
6781,23
6782,41
6783,94
6784,93
6785,17
6786,1
6787,62
6788,9
6789,38
6790,37
6791,81
6792,77
6793,69
6794,72
6795,22
6796,75
6797,26
6798,43
6799,8
6800,24
6801,99
6802,4
6803,61
6804,10
6805,15
6806,0
6807,89
6808,7
6809,94
6810,33
6811,66
6812,15
6813,25
6814,81
6815,50
6816,51
6817,99
6818,26
6819,98
6820,52
6821,70
6822,29
6823,94
6824,9
6825,0
6826,40
6827,0
6828,4
6829,96
6830,4
6831,78
6832,42
6833,6
6834,93
6835,59
6836,96
6837,34
6838,93
6839,14
6840,25
6841,55
6842,88
6843,82
6844,93
6845,82
6846,78
6847,70
6848,8
6849,19
6850,73
6851,4
6852,86
6853,19
6854,37
6855,99
6856,38
6857,57
6858,84
6859,10
6860,9
6861,12
6862,33
6863,94
6864,68
6865,8
6866,89
6867,69
6868,95
6869,66
6870,60
6871,19
6872,83
6873,12
6874,90
6875,2
6876,54
6877,78
6878,65
6879,50
6880,65
6881,68
6882,50
6883,10
6884,13
6885,19
6886,9
6887,99
6888,80
6889,94
6890,10
6891,44
6892,23
6893,61
6894,2
6895,44
6896,70
6897,43
6898,4
6899,9
6900,72
6901,91
6902,26
6903,85
6904,30
6905,12
6906,54
6907,39
6908,76
6909,8
6910,67
6911,51
6912,57
6913,2
6914,8
6915,25
6916,59
6917,38
6918,84
6919,8
6920,81
6921,25
6922,53
6923,8
6924,4
6925,77
6926,52
6927,54
6928,82
6929,12
6930,59
6931,53
6932,32
6933,18
6934,62
6935,36
6936,44
6937,11
6938,31
6939,62
6940,25
6941,55
6942,28
6943,20
6944,92
6945,47
6946,80
6947,9
6948,66
6949,18
6950,56
6951,88
6952,76
6953,71
6954,89
6955,12
6956,14
6957,60
6958,99
6959,40
6960,24
6961,37
6962,86
6963,76
6964,84
6965,83
6966,60
6967,97
6968,29
6969,65
6970,88
6971,79
6972,16
6973,59
6974,96
6975,53
6976,32
6977,7
6978,87
6979,96
6980,46
6981,5
6982,88
6983,52
6984,24
6985,50
6986,7
6987,85
6988,78
6989,75
6990,67
6991,65
6992,45
6993,92
6994,57
6995,61
6996,97
6997,38
6998,39
6999,29
7000,35
7001,91
7002,65
7003,7
7004,65
7005,96
7006,89
7007,83
7008,1
7009,1
7010,96
7011,11
7012,9
7013,25
7014,87
7015,96
7016,38
7017,82
7018,42
7019,6
7020,78
7021,34
7022,14
7023,14
7024,15
7025,70
7026,37
7027,5
7028,97
7029,71
7030,69
7031,59
7032,50
7033,86
7034,78
7035,79
7036,66
7037,98
7038,15
7039,49
7040,26
7041,53
7042,73
7043,85
7044,46
7045,81
7046,17
7047,68
7048,30
7049,14
7050,87
7051,37
7052,86
7053,99
7054,28
7055,93
7056,62
7057,19
7058,41
7059,46
7060,63
7061,46
7062,36
7063,20
7064,57
7065,1
7066,96
7067,61
7068,18
7069,47
7070,85
7071,95
7072,80
7073,14
7074,57
7075,50
7076,2
7077,9
7078,42
7079,21
7080,12
7081,40
7082,29
7083,81
7084,98
7085,63
7086,89
7087,97
7088,63
7089,92
7090,40
7091,6
7092,15
7093,14
7094,80
7095,7
7096,39
7097,1
7098,68
7099,92
7100,60
7101,69
7102,84
7103,71
7104,54
7105,40
7106,63
7107,17
7108,31
7109,48
7110,8
7111,88
7112,91
7113,66
7114,15
7115,44
7116,12
7117,14
7118,40
7119,58
7120,70
7121,85
7122,70
7123,94
7124,41
7125,97
7126,5
7127,80
7128,15
7129,70
7130,35
7131,58
7132,56
7133,26
7134,57
7135,55
7136,16
7137,89
7138,4
7139,53
7140,14
7141,42
7142,27
7143,83
7144,78
7145,68
7146,74
7147,31
7148,93
7149,78
7150,36
7151,69
7152,55
7153,47
7154,76
7155,31
7156,77
7157,19
7158,59
7159,84
7160,48
7161,62
7162,78
7163,35
7164,33
7165,69
7166,18
7167,12
7168,50
7169,72
7170,65
7171,94
7172,86
7173,5
7174,16
7175,81
7176,56
7177,4
7178,47
7179,38
7180,71
7181,51
7182,6
7183,45
7184,22
7185,74
7186,33
7187,62
7188,85
7189,74
7190,57
7191,39
7192,20
7193,38
7194,15
7195,25
7196,77
7197,62
7198,37
7199,57
7200,78
7201,96
7202,78
7203,10
7204,28
7205,27
7206,63
7207,58
7208,99
7209,48
7210,47
7211,79
7212,71
7213,7
7214,60
7215,60
7216,38
7217,49
7218,83
7219,0
7220,15
7221,46
7222,90
7223,5
7224,87
7225,63
7226,75
7227,41
7228,65
7229,51
7230,55
7231,46
7232,98
7233,14
7234,9
7235,65
7236,98
7237,82
7238,14
7239,7
7240,42
7241,37
7242,8
7243,21
7244,28
7245,99
7246,75
7247,32
7248,34
7249,8
7250,55
7251,29
7252,62
7253,76
7254,73
7255,1
7256,50
7257,37
7258,82
7259,9
7260,2
7261,54
7262,8
7263,43
7264,32
7265,26
7266,8
7267,35
7268,53
7269,1
7270,72
7271,26
7272,97
7273,6
7274,22
7275,5
7276,26
7277,24
7278,75
7279,19
7280,86
7281,8
7282,8
7283,42
7284,51
7285,94
7286,81
7287,18
7288,85
7289,48
7290,46
7291,84
7292,50
7293,32
7294,55
7295,26
7296,64
7297,4
7298,15
7299,38
7300,93
7301,50
7302,95
7303,87
7304,15
7305,35
7306,27
7307,36
7308,64
7309,1
7310,35
7311,5
7312,24
7313,83
7314,26
7315,26
7316,60
7317,38
7318,67
7319,20
7320,84
7321,63
7322,99
7323,62
7324,99
7325,21
7326,36
7327,78
7328,82
7329,95
7330,60
7331,61
7332,23
7333,29
7334,80
7335,40
7336,50
7337,25
7338,31
7339,67
7340,26
7341,9
7342,68
7343,46
7344,5
7345,10
7346,80
7347,26
7348,4
7349,47
7350,57
7351,44
7352,31
7353,66
7354,92
7355,34
7356,0
7357,19
7358,84
7359,62
7360,76
7361,54
7362,22
7363,68
7364,92
7365,83
7366,5
7367,42
7368,98
7369,13
7370,14
7371,67
7372,79
7373,34
7374,29
7375,97
7376,13
7377,29
7378,8
7379,14
7380,57
7381,29
7382,19
7383,28
7384,52
7385,8
7386,50
7387,26
7388,89
7389,25
7390,46
7391,85
7392,61
7393,96
7394,26
7395,3
7396,33
7397,60
7398,72
7399,38
7400,57
7401,53
7402,23
7403,26
7404,42
7405,79
7406,9
7407,42
7408,36
7409,92
7410,16
7411,43
7412,4
7413,79
7414,52
7415,9
7416,9
7417,50
7418,87
7419,59
7420,99
7421,57
7422,81
7423,9
7424,81
7425,51
7426,36
7427,65
7428,10
7429,68
7430,40
7431,40
7432,27
7433,65
7434,80
7435,62
7436,28
7437,94
7438,52
7439,86
7440,22
7441,13
7442,54
7443,55
7444,42
7445,8
7446,95
7447,66
7448,24
7449,63
7450,56
7451,60
7452,12
7453,78
7454,36
7455,36
7456,20
7457,62
7458,24
7459,16
7460,26
7461,19
7462,17
7463,78
7464,71
7465,61
7466,30
7467,70
7468,75
7469,94
7470,29
7471,37
7472,97
7473,3
7474,17
7475,45
7476,63
7477,85
7478,33
7479,23
7480,36
7481,2
7482,61
7483,51
7484,8
7485,33
7486,56
7487,11
7488,60
7489,66
7490,21
7491,43
7492,17
7493,56
7494,63
7495,8
7496,96
7497,79
7498,37
7499,20
7500,13
7501,79
7502,91
7503,43
7504,14
7505,92
7506,6
7507,8
7508,13
7509,85
7510,52
7511,27
7512,25
7513,63
7514,59
7515,10
7516,93
7517,91
7518,53
7519,15
7520,38
7521,43
7522,61
7523,83
7524,87
7525,79
7526,68
7527,78
7528,69
7529,64
7530,83
7531,41
7532,71
7533,35
7534,47
7535,20
7536,25
7537,68
7538,52
7539,26
7540,83
7541,38
7542,20
7543,16
7544,7
7545,83
7546,27
7547,45
7548,68
7549,93
7550,25
7551,25
7552,39
7553,88
7554,99
7555,1
7556,82
7557,50
7558,26
7559,31
7560,88
7561,43
7562,88
7563,18
7564,80
7565,71
7566,26
7567,84
7568,85
7569,48
7570,88
7571,16
7572,99
7573,80
7574,4
7575,50
7576,29
7577,15
7578,35
7579,32
7580,88
7581,87
7582,97
7583,94
7584,6
7585,45
7586,62
7587,31
7588,54
7589,61
7590,89
7591,92
7592,61
7593,53
7594,34
7595,80
7596,28
7597,37
7598,54
7599,97
7600,95
7601,7
7602,59
7603,24
7604,94
7605,7
7606,94
7607,94
7608,11
7609,42
7610,65
7611,52
7612,40
7613,97
7614,99
7615,43
7616,82
7617,97
7618,75
7619,63
7620,50
7621,34
7622,25
7623,20
7624,30
7625,74
7626,22
7627,95
7628,81
7629,92
7630,27
7631,52
7632,78
7633,44
7634,62
7635,65
7636,29
7637,84
7638,0
7639,80
7640,8
7641,67
7642,62
7643,26
7644,53
7645,34
7646,37
7647,19
7648,8
7649,68
7650,3
7651,3
7652,57
7653,18
7654,76
7655,0
7656,9
7657,51
7658,13
7659,86
7660,89
7661,5
7662,33
7663,61
7664,41
7665,79
7666,52
7667,43
7668,95
7669,80
7670,43
7671,98
7672,25
7673,44
7674,35
7675,50
7676,88
7677,32
7678,75
7679,53
7680,72
7681,25
7682,88
7683,82
7684,7
7685,64
7686,61
7687,7
7688,91
7689,1
7690,5
7691,37
7692,72
7693,41
7694,94
7695,45
7696,78
7697,8
7698,39
7699,23
7700,15
7701,29
7702,63
7703,71
7704,67
7705,12
7706,10
7707,46
7708,66
7709,33
7710,85
7711,88
7712,38
7713,38
7714,51
7715,39
7716,36
7717,34
7718,41
7719,47
7720,54
7721,84
7722,37
7723,75
7724,18
7725,71
7726,14
7727,57
7728,9
7729,44
7730,57
7731,83
7732,45
7733,61
7734,51
7735,63
7736,89
7737,61
7738,85
7739,39
7740,7
7741,25
7742,98
7743,55
7744,70
7745,45
7746,49
7747,92
7748,87
7749,98
7750,29
7751,3
7752,97
7753,61
7754,83
7755,82
7756,55
7757,11
7758,7
7759,50
7760,42
7761,2
7762,9
7763,51
7764,40
7765,79
7766,26
7767,81
7768,78
7769,73
7770,69
7771,83
7772,33
7773,62
7774,90
7775,74
7776,26
7777,24
7778,80
7779,16
7780,87
7781,39
7782,7
7783,96
7784,10
7785,51
7786,96
7787,50
7788,29
7789,66
7790,53
7791,73
7792,84
7793,5
7794,5
7795,61
7796,53
7797,27
7798,3
7799,15
7800,15
7801,44
7802,58
7803,50
7804,77
7805,4
7806,48
7807,73
7808,63
7809,88
7810,80
7811,86
7812,13
7813,18
7814,11
7815,27
7816,13
7817,51
7818,29
7819,18
7820,91
7821,61
7822,75
7823,17
7824,71
7825,70
7826,98
7827,52
7828,94
7829,33
7830,90
7831,56
7832,26
7833,11
7834,60
7835,13
7836,30
7837,96
7838,78
7839,97
7840,4
7841,34
7842,54
7843,61
7844,60
7845,60
7846,2
7847,44
7848,14
7849,26
7850,9
7851,90
7852,5
7853,32
7854,63
7855,43
7856,56
7857,5
7858,27
7859,44
7860,99
7861,26
7862,8
7863,25
7864,38
7865,80
7866,81
7867,25
7868,39
7869,53
7870,66
7871,48
7872,5
7873,20
7874,32
7875,80
7876,78
7877,37
7878,94
7879,91
7880,16
7881,33
7882,33
7883,16
7884,89
7885,25
7886,69
7887,83
7888,50
7889,85
7890,7
7891,63
7892,32
7893,76
7894,45
7895,10
7896,52
7897,2
7898,18
7899,40
7900,85
7901,84
7902,7
7903,91
7904,27
7905,35
7906,66
7907,41
7908,44
7909,53
7910,23
7911,14
7912,80
7913,86
7914,75
7915,45
7916,38
7917,61
7918,96
7919,76
7920,52
7921,25
7922,5
7923,22
7924,29
7925,29
7926,89
7927,43
7928,30
7929,2
7930,1
7931,23
7932,3
7933,22
7934,5
7935,88
7936,93
7937,26
7938,84
7939,44
7940,62
7941,61
7942,26
7943,63
7944,99
7945,84
7946,78
7947,8
7948,96
7949,8
7950,88
7951,62
7952,29
7953,55
7954,30
7955,63
7956,33
7957,39
7958,66
7959,22
7960,44
7961,60
7962,45
7963,44
7964,18
7965,84
7966,4
7967,5
7968,83
7969,18
7970,23
7971,29
7972,85
7973,34
7974,42
7975,16
7976,94
7977,26
7978,95
7979,89
7980,10
7981,0
7982,28
7983,55
7984,31
7985,86
7986,66
7987,29
7988,85
7989,82
7990,67
7991,82
7992,17
7993,38
7994,67
7995,12
7996,26
7997,54
7998,28
7999,58
8000,33
8001,1
8002,1
8003,18
8004,53
8005,9
8006,15
8007,19
8008,91
8009,45
8010,51
8011,1
8012,98
8013,10
8014,19
8015,88
8016,11
8017,29
8018,56
8019,57
8020,54
8021,61
8022,20
8023,37
8024,17
8025,53
8026,89
8027,18
8028,81
8029,6
8030,96
8031,41
8032,26
8033,26
8034,25
8035,60
8036,25
8037,43
8038,38
8039,47
8040,24
8041,50
8042,74
8043,17
8044,7
8045,0
8046,87
8047,78
8048,73
8049,88
8050,56
8051,18
8052,12
8053,54
8054,98
8055,79
8056,8
8057,43
8058,39
8059,65
8060,40
8061,53
8062,35
8063,88
8064,8
8065,89
8066,57
8067,33
8068,10
8069,2
8070,65
8071,94
8072,16
8073,36
8074,26
8075,16
8076,66
8077,57
8078,6
8079,38
8080,88
8081,76
8082,58
8083,6
8084,36
8085,89
8086,91
8087,84
8088,9
8089,8
8090,9
8091,55
8092,8
8093,70
8094,63
8095,93
8096,2
8097,59
8098,79
8099,70
8100,34
8101,97
8102,86
8103,37
8104,99
8105,55
8106,70
8107,85
8108,38
8109,88
8110,61
8111,69
8112,37
8113,75
8114,7
8115,66
8116,99
8117,50
8118,33
8119,35
8120,1
8121,15
8122,26
8123,86
8124,4
8125,91
8126,58
8127,90
8128,68
8129,60
8130,84
8131,0
8132,34
8133,13
8134,32
8135,92
8136,53
8137,49
8138,11
8139,86
8140,34
8141,89
8142,26
8143,57
8144,80
8145,98
8146,50
8147,12
8148,41
8149,31
8150,42
8151,93
8152,84
8153,44
8154,74
8155,63
8156,50
8157,57
8158,54
8159,46
8160,30
8161,44
8162,97
8163,60
8164,6
8165,58
8166,82
8167,84
8168,98
8169,89
8170,28
8171,63
8172,20
8173,76
8174,60
8175,76
8176,91
8177,37
8178,62
8179,63
8180,62
8181,77
8182,91
8183,48
8184,93
8185,26
8186,98
8187,34
8188,53
8189,44
8190,28
8191,8
8192,44
8193,44
8194,96
8195,61
8196,60
8197,73
8198,61
8199,29
8200,39
8201,43
8202,49
8203,92
8204,92
8205,7
8206,40
8207,94
8208,18
8209,20
8210,72
8211,83
8212,85
8213,66
8214,99
8215,3
8216,80
8217,30
8218,81
8219,18
8220,73
8221,60
8222,35
8223,14
8224,85
8225,2
8226,29
8227,79
8228,90
8229,75
8230,30
8231,15
8232,48
8233,39
8234,99
8235,33
8236,94
8237,45
8238,91
8239,36
8240,77
8241,55
8242,5
8243,92
8244,94
8245,61
8246,85
8247,66
8248,69
8249,1
8250,53
8251,30
8252,84
8253,11
8254,29
8255,7
8256,18
8257,89
8258,94
8259,91
8260,83
8261,38
8262,62
8263,31
8264,51
8265,55
8266,30
8267,61
8268,78
8269,47
8270,82
8271,77
8272,20
8273,26
8274,28
8275,75
8276,35
8277,81
8278,61
8279,12
8280,79
8281,55
8282,71
8283,15
8284,81
8285,29
8286,84
8287,69
8288,30
8289,92
8290,68
8291,54
8292,33
8293,74
8294,7
8295,3
8296,93
8297,60
8298,5
8299,14
8300,48
8301,18
8302,0
8303,92
8304,38
8305,4
8306,7
8307,69
8308,16
8309,9
8310,42
8311,41
8312,54
8313,27
8314,0
8315,2
8316,85
8317,16
8318,43
8319,79
8320,77
8321,75
8322,74
8323,65
8324,42
8325,67
8326,8
8327,0
8328,50
8329,89
8330,43
8331,92
8332,69
8333,33
8334,32
8335,22
8336,71
8337,98
8338,65
8339,40
8340,87
8341,0
8342,21
8343,45
8344,1
8345,72
8346,47
8347,42
8348,83
8349,65
8350,68
8351,18
8352,38
8353,25
8354,96
8355,98
8356,96
8357,90
8358,2
8359,28
8360,37
8361,61
8362,96
8363,8
8364,4
8365,18
8366,97
8367,93
8368,28
8369,39
8370,26
8371,41
8372,44
8373,49
8374,54
8375,11
8376,19
8377,91
8378,82
8379,72
8380,60
8381,78
8382,56
8383,97
8384,32
8385,63
8386,94
8387,99
8388,45
8389,98
8390,96
8391,40
8392,73
8393,87
8394,93
8395,24
8396,26
8397,88
8398,47
8399,6
8400,4
8401,42
8402,8
8403,63
8404,26
8405,34
8406,39
8407,80
8408,59
8409,66
8410,33
8411,87
8412,59
8413,46
8414,16
8415,33
8416,76
8417,41
8418,15
8419,7
8420,75
8421,17
8422,79
8423,44
8424,80
8425,26
8426,38
8427,60
8428,30
8429,38
8430,21
8431,77
8432,5
8433,54
8434,87
8435,86
8436,37
8437,52
8438,66
8439,2
8440,73
8441,27
8442,25
8443,62
8444,26
8445,78
8446,28
8447,37
8448,57
8449,59
8450,69
8451,45
8452,62
8453,39
8454,78
8455,58
8456,17
8457,48
8458,44
8459,71
8460,48
8461,69
8462,9
8463,26
8464,39
8465,65
8466,71
8467,66
8468,66
8469,42
8470,82
8471,89
8472,39
8473,88
8474,93
8475,82
8476,7
8477,76
8478,59
8479,40
8480,70
8481,27
8482,68
8483,52
8484,17
8485,29
8486,16
8487,41
8488,85
8489,12
8490,99
8491,88
8492,40
8493,44
8494,36
8495,71
8496,17
8497,34
8498,84
8499,6
8500,75
8501,22
8502,62
8503,58
8504,34
8505,51
8506,75
8507,27
8508,70
8509,37
8510,28
8511,26
8512,15
8513,26
8514,68
8515,38
8516,73
8517,7
8518,53
8519,20
8520,61
8521,39
8522,56
8523,17
8524,33
8525,93
8526,4
8527,87
8528,36
8529,4
8530,16
8531,94
8532,55
8533,76
8534,68
8535,97
8536,1
8537,0
8538,75
8539,31
8540,42
8541,71
8542,75
8543,52
8544,6
8545,43
8546,74
8547,84
8548,1
8549,83
8550,36
8551,88
8552,53
8553,66
8554,5
8555,59
8556,86
8557,47
8558,79
8559,24
8560,86
8561,54
8562,92
8563,88
8564,61
8565,87
8566,54
8567,24
8568,10
8569,85
8570,17
8571,58
8572,22
8573,86
8574,77
8575,79
8576,94
8577,45
8578,0
8579,39
8580,89
8581,62
8582,38
8583,94
8584,91
8585,73
8586,77
8587,62
8588,15
8589,94
8590,22
8591,11
8592,28
8593,38
8594,38
8595,62
8596,37
8597,29
8598,15
8599,26
8600,76
8601,98
8602,14
8603,80
8604,38
8605,47
8606,47
8607,93
8608,85
8609,13
8610,26
8611,70
8612,30
8613,60
8614,70
8615,35
8616,62
8617,33
8618,34
8619,6
8620,54
8621,62
8622,26
8623,15
8624,63
8625,26
8626,47
8627,48
8628,79
8629,63
8630,43
8631,83
8632,38
8633,68
8634,27
8635,43
8636,16
8637,61
8638,16
8639,84
8640,18
8641,34
8642,26
8643,83
8644,26
8645,38
8646,65
8647,78
8648,20
8649,1
8650,67
8651,42
8652,1
8653,84
8654,79
8655,89
8656,10
8657,33
8658,44
8659,68
8660,30
8661,8
8662,80
8663,81
8664,54
8665,18
8666,78
8667,80
8668,28
8669,63
8670,46
8671,83
8672,34
8673,64
8674,67
8675,50
8676,15
8677,73
8678,37
8679,45
8680,35
8681,31
8682,69
8683,96
8684,57
8685,91
8686,85
8687,78
8688,1
8689,26
8690,17
8691,65
8692,18
8693,58
8694,31
8695,42
8696,23
8697,90
8698,6
8699,83
8700,31
8701,51
8702,38
8703,23
8704,64
8705,61
8706,9
8707,51
8708,99
8709,28
8710,38
8711,63
8712,14
8713,97
8714,78
8715,36
8716,18
8717,37
8718,50
8719,17
8720,28
8721,29
8722,67
8723,53
8724,83
8725,83
8726,53
8727,73
8728,7
8729,96
8730,82
8731,34
8732,15
8733,68
8734,68
8735,34
8736,82
8737,75
8738,5
8739,8
8740,94
8741,16
8742,7
8743,21
8744,85
8745,96
8746,53
8747,29
8748,63
8749,84
8750,27
8751,32
8752,96
8753,20
8754,29
8755,42
8756,69
8757,94
8758,26
8759,26
8760,23
8761,91
8762,34
8763,48
8764,71
8765,53
8766,5
8767,0
8768,56
8769,45
8770,69
8771,73
8772,67
8773,12
8774,50
8775,61
8776,21
8777,32
8778,45
8779,28
8780,89
8781,24
8782,53
8783,15
8784,1
8785,82
8786,5
8787,64
8788,18
8789,96
8790,79
8791,62
8792,46
8793,1
8794,59
8795,87
8796,60
8797,39
8798,76
8799,45
8800,34
8801,79
8802,18
8803,98
8804,94
8805,6
8806,86
8807,49
8808,26
8809,72
8810,60
8811,73
8812,16
8813,75
8814,5
8815,55
8816,34
8817,32
8818,65
8819,56
8820,45
8821,45
8822,2
8823,63
8824,35
8825,27
8826,85
8827,72
8828,34
8829,51
8830,79
8831,76
8832,99
8833,86
8834,43
8835,29
8836,42
8837,66
8838,83
8839,80
8840,24
8841,53
8842,70
8843,78
8844,71
8845,99
8846,95
8847,26
8848,67
8849,60
8850,77
8851,86
8852,66
8853,4
8854,3
8855,62
8856,67
8857,37
8858,98
8859,65
8860,32
8861,57
8862,61
8863,4
8864,6
8865,79
8866,82
8867,62
8868,94
8869,95
8870,81
8871,68
8872,63
8873,33
8874,27
8875,38
8876,60
8877,26
8878,74
8879,14
8880,62
8881,62
8882,36
8883,45
8884,31
8885,52
8886,75
8887,77
8888,29
8889,94
8890,63
8891,92
8892,38
8893,46
8894,38
8895,32
8896,85
8897,83
8898,65
8899,51
8900,53
8901,87
8902,57
8903,53
8904,42
8905,94
8906,89
8907,69
8908,93
8909,5
8910,40
8911,71
8912,31
8913,33
8914,73
8915,75
8916,25
8917,47
8918,97
8919,1
8920,89
8921,26
8922,46
8923,82
8924,70
8925,53
8926,40
8927,66
8928,45
8929,48
8930,94
8931,61
8932,76
8933,60
8934,97
8935,50
8936,59
8937,47
8938,79
8939,62
8940,4
8941,83
8942,89
8943,71
8944,68
8945,96
8946,9
8947,90
8948,46
8949,22
8950,83
8951,52
8952,86
8953,58
8954,80
8955,96
8956,86
8957,45
8958,58
8959,69
8960,63
8961,66
8962,51
8963,2
8964,26
8965,43
8966,58
8967,97
8968,7
8969,80
8970,81
8971,99
8972,28
8973,78
8974,53
8975,43
8976,25
8977,38
8978,33
8979,47
8980,53
8981,48
8982,79
8983,59
8984,29
8985,82
8986,89
8987,18
8988,81
8989,17
8990,14
8991,69
8992,81
8993,85
8994,39
8995,6
8996,89
8997,44
8998,67
8999,99
9000,40
9001,8
9002,88
9003,20
9004,10
9005,18
9006,60
9007,48
9008,69
9009,65
9010,87
9011,45
9012,45
9013,38
9014,17
9015,12
9016,92
9017,48
9018,35
9019,54
9020,73
9021,4
9022,38
9023,8
9024,21
9025,96
9026,11
9027,25
9028,84
9029,30
9030,44
9031,26
9032,98
9033,19
9034,53
9035,17
9036,93
9037,29
9038,22
9039,18
9040,19
9041,54
9042,26
9043,68
9044,57
9045,91
9046,93
9047,6
9048,5
9049,71
9050,51
9051,38
9052,9
9053,82
9054,4
9055,76
9056,20
9057,60
9058,42
9059,94
9060,8
9061,4
9062,14
9063,25
9064,61
9065,15
9066,77
9067,45
9068,78
9069,60
9070,70
9071,62
9072,44
9073,66
9074,39
9075,14
9076,93
9077,60
9078,33
9079,88
9080,18
9081,58
9082,0
9083,83
9084,8
9085,50
9086,56
9087,20
9088,44
9089,20
9090,30
9091,56
9092,19
9093,44
9094,98
9095,18
9096,26
9097,83
9098,56
9099,47
9100,33
9101,96
9102,98
9103,40
9104,50
9105,29
9106,54
9107,9
9108,77
9109,43
9110,15
9111,63
9112,77
9113,19
9114,73
9115,38
9116,7
9117,29
9118,4
9119,61
9120,50
9121,30
9122,39
9123,14
9124,10
9125,9
9126,33
9127,17
9128,28
9129,45
9130,38
9131,68
9132,83
9133,17
9134,63
9135,71
9136,37
9137,63
9138,77
9139,64
9140,88
9141,44
9142,96
9143,84
9144,19
9145,14
9146,70
9147,62
9148,34
9149,87
9150,55
9151,65
9152,5
9153,99
9154,33
9155,26
9156,16
9157,56
9158,4
9159,24
9160,71
9161,65
9162,15
9163,14
9164,39
9165,68
9166,45
9167,81
9168,10
9169,90
9170,14
9171,57
9172,22
9173,87
9174,82
9175,12
9176,38
9177,28
9178,93
9179,77
9180,84
9181,41
9182,64
9183,40
9184,25
9185,91
9186,94
9187,38
9188,79
9189,19
9190,76
9191,5
9192,18
9193,84
9194,1
9195,50
9196,16
9197,6
9198,57
9199,18
9200,0
9201,74
9202,12
9203,34
9204,4
9205,87
9206,6
9207,54
9208,9
9209,82
9210,68
9211,56
9212,65
9213,42
9214,69
9215,67
9216,71
9217,25
9218,50
9219,60
9220,79
9221,0
9222,49
9223,74
9224,98
9225,50
9226,11
9227,32
9228,77
9229,22
9230,69
9231,88
9232,13
9233,30
9234,27
9235,74
9236,8
9237,17
9238,42
9239,91
9240,8
9241,38
9242,69
9243,78
9244,28
9245,84
9246,44
9247,85
9248,21
9249,26
9250,79
9251,76
9252,90
9253,8
9254,82
9255,85
9256,82
9257,7
9258,73
9259,89
9260,74
9261,42
9262,39
9263,45
9264,80
9265,32
9266,15
9267,4
9268,16
9269,62
9270,94
9271,60
9272,18
9273,83
9274,62
9275,5
9276,48
9277,59
9278,11
9279,5
9280,34
9281,65
9282,75
9283,75
9284,6
9285,31
9286,22
9287,17
9288,89
9289,62
9290,31
9291,42
9292,77
9293,32
9294,83
9295,36
9296,2
9297,62
9298,37
9299,86
9300,99
9301,22
9302,56
9303,22
9304,33
9305,14
9306,60
9307,94
9308,99
9309,85
9310,41
9311,52
9312,91
9313,85
9314,43
9315,82
9316,69
9317,97
9318,78
9319,96
9320,47
9321,22
9322,1
9323,11
9324,78
9325,10
9326,32
9327,85
9328,1
9329,63
9330,83
9331,58
9332,44
9333,2
9334,86
9335,44
9336,59
9337,2
9338,62
9339,46
9340,56
9341,75
9342,47
9343,76
9344,20
9345,88
9346,97
9347,9
9348,44
9349,34
9350,94
9351,67
9352,43
9353,43
9354,84
9355,27
9356,6
9357,9
9358,51
9359,38
9360,6
9361,75
9362,15
9363,29
9364,98
9365,20
9366,30
9367,7
9368,14
9369,74
9370,27
9371,83
9372,91
9373,32
9374,78
9375,93
9376,51
9377,58
9378,16
9379,90
9380,8
9381,76
9382,27
9383,55
9384,26
9385,62
9386,37
9387,83
9388,58
9389,96
9390,1
9391,61
9392,59
9393,21
9394,60
9395,78
9396,82
9397,61
9398,80
9399,52
9400,65
9401,35
9402,32
9403,79
9404,69
9405,26
9406,42
9407,44
9408,46
9409,20
9410,79
9411,52
9412,15
9413,79
9414,25
9415,63
9416,96
9417,26
9418,29
9419,27
9420,32
9421,39
9422,30
9423,99
9424,5
9425,29
9426,38
9427,52
9428,40
9429,58
9430,42
9431,82
9432,31
9433,79
9434,93
9435,70
9436,99
9437,14
9438,17
9439,8
9440,64
9441,78
9442,62
9443,83
9444,61
9445,37
9446,78
9447,58
9448,22
9449,53
9450,50
9451,47
9452,5
9453,43
9454,12
9455,6
9456,77
9457,30
9458,10
9459,32
9460,45
9461,30
9462,43
9463,44
9464,97
9465,87
9466,80
9467,87
9468,93
9469,41
9470,36
9471,33
9472,21
9473,32
9474,90
9475,2
9476,85
9477,29
9478,86
9479,21
9480,87
9481,71
9482,53
9483,27
9484,63
9485,1
9486,8
9487,93
9488,98
9489,61
9490,42
9491,85
9492,10
9493,83
9494,38
9495,85
9496,42
9497,24
9498,74
9499,49
9500,12
9501,28
9502,50
9503,99
9504,81
9505,45
9506,87
9507,79
9508,63
9509,11
9510,47
9511,31
9512,77
9513,52
9514,49
9515,71
9516,12
9517,71
9518,81
9519,20
9520,70
9521,67
9522,94
9523,21
9524,1
9525,42
9526,3
9527,99
9528,44
9529,91
9530,12
9531,43
9532,82
9533,22
9534,16
9535,66
9536,86
9537,44
9538,43
9539,42
9540,73
9541,63
9542,81
9543,4
9544,53
9545,23
9546,13
9547,86
9548,78
9549,71
9550,28
9551,75
9552,46
9553,6
9554,79
9555,16
9556,8
9557,38
9558,22
9559,13
9560,87
9561,18
9562,63
9563,62
9564,49
9565,70
9566,57
9567,7
9568,38
9569,99
9570,91
9571,23
9572,13
9573,80
9574,35
9575,42
9576,9
9577,30
9578,83
9579,35
9580,87
9581,38
9582,36
9583,89
9584,12
9585,43
9586,86
9587,97
9588,53
9589,65
9590,15
9591,46
9592,61
9593,20
9594,22
9595,57
9596,25
9597,99
9598,14
9599,60
9600,20
9601,49
9602,67
9603,86
9604,94
9605,41
9606,64
9607,44
9608,18
9609,63
9610,1
9611,15
9612,27
9613,78
9614,85
9615,8
9616,2
9617,5
9618,45
9619,5
9620,37
9621,56
9622,99
9623,99
9624,38
9625,2
9626,79
9627,35
9628,30
9629,53
9630,45
9631,12
9632,65
9633,92
9634,23
9635,2
9636,4
9637,40
9638,38
9639,62
9640,77
9641,23
9642,78
9643,33
9644,67
9645,63
9646,8
9647,62
9648,4
9649,80
9650,33
9651,60
9652,6
9653,23
9654,48
9655,16
9656,57
9657,94
9658,30
9659,62
9660,43
9661,92
9662,58
9663,19
9664,23
9665,66
9666,65
9667,96
9668,30
9669,61
9670,99
9671,86
9672,53
9673,19
9674,98
9675,52
9676,58
9677,33
9678,85
9679,74
9680,55
9681,82
9682,72
9683,46
9684,43
9685,37
9686,34
9687,47
9688,52
9689,40
9690,53
9691,45
9692,8
9693,83
9694,31
9695,81
9696,25
9697,28
9698,53
9699,27
9700,59
9701,33
9702,33
9703,62
9704,89
9705,6
9706,44
9707,24
9708,19
9709,35
9710,78
9711,82
9712,45
9713,31
9714,91
9715,47
9716,9
9717,73
9718,69
9719,36
9720,70
9721,54
9722,95
9723,37
9724,61
9725,10
9726,69
9727,46
9728,42
9729,76
9730,79
9731,61
9732,25
9733,98
9734,94
9735,24
9736,40
9737,1
9738,33
9739,89
9740,93
9741,79
9742,39
9743,72
9744,27
9745,55
9746,41
9747,66
9748,80
9749,27
9750,45
9751,6
9752,32
9753,5
9754,50
9755,9
9756,93
9757,94
9758,42
9759,35
9760,24
9761,59
9762,65
9763,11
9764,42
9765,23
9766,39
9767,25
9768,97
9769,5
9770,9
9771,52
9772,93
9773,56
9774,98
9775,82
9776,42
9777,95
9778,51
9779,14
9780,54
9781,18
9782,95
9783,64
9784,78
9785,47
9786,58
9787,64
9788,40
9789,36
9790,97
9791,28
9792,44
9793,49
9794,62
9795,0
9796,52
9797,78
9798,79
9799,81
9800,91
9801,5
9802,87
9803,3
9804,50
9805,86
9806,86
9807,89
9808,17
9809,12
9810,88
9811,26
9812,24
9813,50
9814,87
9815,13
9816,88
9817,81
9818,21
9819,76
9820,86
9821,59
9822,49
9823,30
9824,49
9825,38
9826,84
9827,57
9828,71
9829,38
9830,63
9831,53
9832,66
9833,48
9834,24
9835,13
9836,31
9837,5
9838,84
9839,2
9840,61
9841,7
9842,34
9843,35
9844,10
9845,99
9846,27
9847,51
9848,91
9849,83
9850,63
9851,50
9852,57
9853,4
9854,60
9855,33
9856,86
9857,84
9858,62
9859,7
9860,99
9861,77
9862,57
9863,14
9864,2
9865,70
9866,69
9867,69
9868,91
9869,79
9870,79
9871,58
9872,0
9873,20
9874,7
9875,72
9876,82
9877,79
9878,37
9879,99
9880,86
9881,75
9882,85
9883,38
9884,62
9885,27
9886,97
9887,35
9888,62
9889,38
9890,49
9891,57
9892,86
9893,78
9894,24
9895,27
9896,27
9897,1
9898,2
9899,36
9900,96
9901,99
9902,27
9903,85
9904,0
9905,60
9906,50
9907,6
9908,53
9909,31
9910,86
9911,1
9912,72
9913,13
9914,78
9915,29
9916,84
9917,89
9918,90
9919,69
9920,82
9921,21
9922,15
9923,68
9924,68
9925,76
9926,31
9927,58
9928,8
9929,42
9930,13
9931,44
9932,78
9933,42
9934,33
9935,71
9936,38
9937,12
9938,70
9939,79
9940,82
9941,8
9942,78
9943,70
9944,50
9945,26
9946,58
9947,29
9948,74
9949,93
9950,56
9951,18
9952,6
9953,93
9954,95
9955,51
9956,62
9957,94
9958,16
9959,30
9960,29
9961,79
9962,43
9963,86
9964,19
9965,38
9966,4
9967,24
9968,53
9969,5
9970,6
9971,58
9972,22
9973,49
9974,12
9975,18
9976,80
9977,62
9978,21
9979,27
9980,30
9981,52
9982,74
9983,96
9984,96
9985,90
9986,1
9987,51
9988,3
9989,7
9990,74
9991,27
9992,16
9993,30
9994,74
9995,83
9996,14
9997,51
9998,42
9999,70
